ID,Weight,Nested,Procedure,Stimulus,TargetType,CorrectResponse,StimType,BlockType,thisN,thisTrialN,thisRepN,response.keys,response.corr,practiceLoop.thisRepN,practiceLoop.thisTrialN,practiceLoop.thisN,practiceLoop.thisIndex,practiceLoop2.thisRepN,practiceLoop2.thisTrialN,practiceLoop2.thisN,practiceLoop2.thisIndex,practiceLoop3.thisRepN,practiceLoop3.thisTrialN,practiceLoop3.thisN,practiceLoop3.thisIndex,thisRow.t,notes,TitlePage.started,NextPage.started,NbackTitle.started,TitlePage.stopped,NextPage.keys,NextPage.rt,NextPage.duration,Instructions1.started,NextPage_2.started,Instructions_1.started,Instructions1.stopped,NextPage_2.keys,NextPage_2.rt,NextPage_2.duration,Instructions2.started,NextPage_3.started,Instructions_2.started,FaceImage.started,Instructions2.stopped,NextPage_3.keys,NextPage_3.rt,NextPage_3.duration,Instructions3.started,NextPage_4.started,Instructions_3.started,PlaceImage.started,Instructions3.stopped,NextPage_4.keys,NextPage_4.rt,NextPage_4.duration,Instructions5pt5.started,NextPage_5.started,Instructions_5pt5.started,Instructions5pt5.stopped,NextPage_5.keys,NextPage_5.rt,NextPage_5.duration,Instructions6.started,NextPage_6.started,Instructions_6.started,Instructions_6_Target.started,TargetImage.started,Instructions_6_Match.started,Instructions6.stopped,NextPage_6.keys,NextPage_6.rt,NextPage_6.duration,Instructions14.started,NextPage_7.started,Instructions_14.started,Instructions14.stopped,NextPage_7.keys,NextPage_7.rt,NextPage_7.duration,Instructions6pt2.started,NextPage_8.started,Instructions_6pt2.started,Instructions6pt2.stopped,NextPage_8.keys,NextPage_8.rt,NextPage_8.duration,PracticeTrial1_Cue.started,CueFix_1.started,CueTarget_1.started,CueTargetImage_1.started,Zero_back.started,CueFix_1.stopped,CueTarget_1.stopped,CueTargetImage_1.stopped,Zero_back.stopped,PracticeTrial1_Cue.stopped,PracticeTrial_Stim.started,response.started,Stim.started,Stim_LeftScreenInstruction.started,Stim_RightScreenInstruction.started,PracticeTrial_Stim.stopped,practiceLoop.response.keys,practiceLoop.response.corr,PracticeTrial_Feedback.started,Fix.started,Feedback.started,Fix.stopped,Feedback.stopped,PracticeTrial_Feedback.stopped,response.stopped,Stim.stopped,Stim_LeftScreenInstruction.stopped,Stim_RightScreenInstruction.stopped,InstructionsSpaceToContinue.started,NextPage_9.started,Instructions_Space.started,InstructionsSpaceToContinue.stopped,NextPage_9.keys,NextPage_9.rt,NextPage_9.duration,PracticeTrial2_Cue.started,CueFix_2.started,CueTarget_2.started,CueTargetImage_2.started,Zero_back_2.started,CueFix_2.stopped,CueTarget_2.stopped,CueTargetImage_2.stopped,Zero_back_2.stopped,PracticeTrial2_Cue.stopped,practiceLoop2.response.keys,practiceLoop2.response.corr,Instructions8.started,NextPage_10.started,Instructions_8.started,Instructions8.stopped,NextPage_10.keys,NextPage_10.rt,NextPage_10.duration,Instructions11.started,NextPage_11.started,Instructions_11.started,Instructions11.stopped,NextPage_11.keys,NextPage_11.rt,NextPage_11.duration,Instructions9.started,NextPage_12.started,Instructions_9.started,Example_Stim.started,Example_LeftScreenInstruction.started,Example_RightScreenInstruction.started,Instructions9.stopped,NextPage_12.keys,NextPage_12.rt,NextPage_12.duration,Instructions21.started,NextPage_13.started,Instructions_21.started,One_Back_Example_Stim.started,Example_Stim_2.started,Example_LeftScreenInstruction_2.started,Example_RightScreenInstruction_2.started,Instructions21.stopped,NextPage_13.keys,NextPage_13.rt,NextPage_13.duration,Instructions24.started,NextPage_14.started,Instructions_24.started,Green_Border.started,Two_Back_Example_Stim.started,One_Back_Example_Stim_2.started,Example_Stim_3.started,Example_LeftScreenInstruction_3.started,Example_RightScreenInstruction_3.started,Instructions24.stopped,NextPage_14.keys,NextPage_14.rt,NextPage_14.duration,Instructions25.started,NextPage_15.started,Instructions_25.started,Two_Back_Example_Stim_2.started,One_Back_Example_Stim_3.started,Example_Stim_4.started,Example_LeftScreenInstruction_4.started,Example_RightScreenInstruction_4.started,Instructions25.stopped,NextPage_15.keys,NextPage_15.rt,NextPage_15.duration,Instructions15.started,NextPage_16.started,Instructions_15.started,Instructions15.stopped,NextPage_16.keys,NextPage_16.rt,NextPage_16.duration,Instructions32.started,NextPage_17.started,Instructions_32.started,Example_Stim_5.started,Example_LeftScreenInstruction_5.started,Example_RightScreenInstruction_5.started,Instructions32.stopped,NextPage_17.keys,NextPage_17.rt,NextPage_17.duration,Instructions27.started,NextPage_18.started,Instructions_27.started,Example_Stim_6.started,Example_LeftScreenInstruction_6.started,Example_RightScreenInstruction_6.started,Instructions27.stopped,NextPage_18.keys,NextPage_18.rt,NextPage_18.duration,Instructions33.started,NextPage_19.started,Instructions_33.started,Example_Stim_7.started,Example_LeftScreenInstruction_7.started,Example_RightScreenInstruction_7.started,Instructions33.stopped,NextPage_19.keys,NextPage_19.rt,NextPage_19.duration,Instructions26.started,NextPage_20.started,Instructions_26.started,One_Back_Example_Stim_4.started,Example_Stim_8.started,Example_LeftScreenInstruction_8.started,Example_RightScreenInstruction_8.started,Instructions26.stopped,NextPage_20.keys,NextPage_20.rt,NextPage_20.duration,Instructions34.started,NextPage_21.started,Instructions.started,Example_Stim_9.started,Example_LeftScreenInstruction_9.started,Example_RightScreenInstruction_9.started,Instructions34.stopped,NextPage_21.keys,NextPage_21.rt,NextPage_21.duration,Instructions28.started,NextPage_22.started,Instructions_28.started,Two_Back_Example_Stim_3.started,One_Back_Example_Stim_5.started,Example_Stim_10.started,Example_LeftScreenInstruction_10.started,Example_RightScreenInstruction_10.started,Instructions28.stopped,NextPage_22.keys,NextPage_22.rt,NextPage_22.duration,Instructions29.started,NextPage_23.started,Instructions_29.started,Green_Border_2.started,Two_Back_Example_Stim_4.started,One_Back_Example_Stim_6.started,Example_Stim_11.started,Example_LeftScreenInstruction_11.started,Example_RightScreenInstruction_11.started,Instructions29.stopped,NextPage_23.keys,NextPage_23.rt,NextPage_23.duration,Instructions22.started,NextPage_24.started,Instructions_22.started,Instructions22.stopped,NextPage_24.keys,NextPage_24.rt,NextPage_24.duration,Instructions30.started,NextPage_25.started,Instructions_30.started,Instructions30.stopped,NextPage_25.keys,NextPage_25.rt,NextPage_25.duration,Please enter the Subject ID:,Please enter the Session Number:,Enter subject's handedness:,date,expName,psychopyVersion,frameRate,expStart,
,,,,,,,,,,,,,,,,,,,,,,,,,,,,0.019178499933332205,0.042105916887521744,0.042105916887521744,0.5855173338204622,space,0.4555667079985142,None,,,,,,,,,,,,,,,,,,,,,,,,,,,,,,,,,,,,,,,,,,,,,,,,,,,,,,,,,,,,,,,,,,,,,,,,,,,,,,,,,,,,,,,,,,,,,,,,,,,,,,,,,,,,,,,,,,,,,,,,,,,,,,,,,,,,,,,,,,,,,,,,,,,,,,,,,,,,,,,,,,,,,,,,,,,,,,,,,,,,,,,,,,,,,,,,,,,,,,,,,,,,,,,,,,,,,,,,,,,,,,,,,,,,,,,,,,,,,,,,,,,,,,,,,,,,,,,,,,,42124,1,Right,2026-03-11_12h57.13.995,EmoNback_Practice,2024.2.4,None,2026-03-11 12h57.28.194180 -0500,
,,,,,,,,,,,,,,,,,,,,,,,,,,,,,,,,,,,0.5863485839217901,0.5962837086990476,0.5962837086990476,0.6865097088739276,space,0.08587491698563099,None,,,,,,,,,,,,,,,,,,,,,,,,,,,,,,,,,,,,,,,,,,,,,,,,,,,,,,,,,,,,,,,,,,,,,,,,,,,,,,,,,,,,,,,,,,,,,,,,,,,,,,,,,,,,,,,,,,,,,,,,,,,,,,,,,,,,,,,,,,,,,,,,,,,,,,,,,,,,,,,,,,,,,,,,,,,,,,,,,,,,,,,,,,,,,,,,,,,,,,,,,,,,,,,,,,,,,,,,,,,,,,,,,,,,,,,,,,,,,,,,,,,,,,,,,,,,42124,1,Right,2026-03-11_12h57.13.995,EmoNback_Practice,2024.2.4,None,2026-03-11 12h57.28.194180 -0500,
,,,,,,,,,,,,,,,,,,,,,,,,,,,,,,,,,,,,,,,,,,0.6867936667986214,0.6947334166616201,0.6947334166616201,0.6947334166616201,0.8840018748305738,space,0.186469417065382,None,,,,,,,,,,,,,,,,,,,,,,,,,,,,,,,,,,,,,,,,,,,,,,,,,,,,,,,,,,,,,,,,,,,,,,,,,,,,,,,,,,,,,,,,,,,,,,,,,,,,,,,,,,,,,,,,,,,,,,,,,,,,,,,,,,,,,,,,,,,,,,,,,,,,,,,,,,,,,,,,,,,,,,,,,,,,,,,,,,,,,,,,,,,,,,,,,,,,,,,,,,,,,,,,,,,,,,,,,,,,,,,,,,,,,,,,,,,,,,,,,,,,42124,1,Right,2026-03-11_12h57.13.995,EmoNback_Practice,2024.2.4,None,2026-03-11 12h57.28.194180 -0500,
,,,,,,,,,,,,,,,,,,,,,,,,,,,,,,,,,,,,,,,,,,,,,,,,,,0.8844158337451518,0.8906323336996138,0.8906323336996138,0.8906323336996138,1.414847666863352,space,0.5135139171034098,None,,,,,,,,,,,,,,,,,,,,,,,,,,,,,,,,,,,,,,,,,,,,,,,,,,,,,,,,,,,,,,,,,,,,,,,,,,,,,,,,,,,,,,,,,,,,,,,,,,,,,,,,,,,,,,,,,,,,,,,,,,,,,,,,,,,,,,,,,,,,,,,,,,,,,,,,,,,,,,,,,,,,,,,,,,,,,,,,,,,,,,,,,,,,,,,,,,,,,,,,,,,,,,,,,,,,,,,,,,,,,,,,,,,,,,,,,,,,42124,1,Right,2026-03-11_12h57.13.995,EmoNback_Practice,2024.2.4,None,2026-03-11 12h57.28.194180 -0500,
,,,,,,,,,,,,,,,,,,,,,,,,,,,,,,,,,,,,,,,,,,,,,,,,,,,,,,,,,,1.4163226247765124,1.4246715838089585,1.4246715838089585,1.6031949170865119,space,0.16555820917710662,None,,,,,,,,,,,,,,,,,,,,,,,,,,,,,,,,,,,,,,,,,,,,,,,,,,,,,,,,,,,,,,,,,,,,,,,,,,,,,,,,,,,,,,,,,,,,,,,,,,,,,,,,,,,,,,,,,,,,,,,,,,,,,,,,,,,,,,,,,,,,,,,,,,,,,,,,,,,,,,,,,,,,,,,,,,,,,,,,,,,,,,,,,,,,,,,,,,,,,,,,,,,,,,,,,,,,,,,,,,,,,,,,,,,,,42124,1,Right,2026-03-11_12h57.13.995,EmoNback_Practice,2024.2.4,None,2026-03-11 12h57.28.194180 -0500,
,,,,,,,,,,,,,,,,,,,,,,,,,,,,,,,,,,,,,,,,,,,,,,,,,,,,,,,,,,,,,,,,,1.6088354168459773,1.6213667918927968,1.6213667918927968,1.6213667918927968,1.6213667918927968,1.6213667918927968,2.3361002090387046,left,0.7127708750776947,None,,,,,,,,,,,,,,,,,,,,,,,,,,,,,,,,,,,,,,,,,,,,,,,,,,,,,,,,,,,,,,,,,,,,,,,,,,,,,,,,,,,,,,,,,,,,,,,,,,,,,,,,,,,,,,,,,,,,,,,,,,,,,,,,,,,,,,,,,,,,,,,,,,,,,,,,,,,,,,,,,,,,,,,,,,,,,,,,,,,,,,,,,,,,,,,,,,,,,,,,,,,,,,,,,,,,,,,,,,,42124,1,Right,2026-03-11_12h57.13.995,EmoNback_Practice,2024.2.4,None,2026-03-11 12h57.28.194180 -0500,
,,,,,,,,,,,,,,,,,,,,,,,,,,,,,,,,,,,,,,,,,,,,,,,,,,,,,,,,,,,,,,,,,,,,,,,,,,,2.3372324998490512,2.3568062498234212,2.3568062498234212,3.3417703746818006,right,0.978300916031003,None,,,,,,,,,,,,,,,,,,,,,,,,,,,,,,,,,,,,,,,,,,,,,,,,,,,,,,,,,,,,,,,,,,,,,,,,,,,,,,,,,,,,,,,,,,,,,,,,,,,,,,,,,,,,,,,,,,,,,,,,,,,,,,,,,,,,,,,,,,,,,,,,,,,,,,,,,,,,,,,,,,,,,,,,,,,,,,,,,,,,,,,,,,,,,,,,,,,,,,,,,,,,,,,,,,,,42124,1,Right,2026-03-11_12h57.13.995,EmoNback_Practice,2024.2.4,None,2026-03-11 12h57.28.194180 -0500,
,,,,,,,,,,,,,,,,,,,,,,,,,,,,,,,,,,,,,,,,,,,,,,,,,,,,,,,,,,,,,,,,,,,,,,,,,,,,,,,,,,3.3424420417286456,3.350412374828011,3.350412374828011,3.7326144170947373,space,0.379700459074229,None,,,,,,,,,,,,,,,,,,,,,,,,,,,,,,,,,,,,,,,,,,,,,,,,,,,,,,,,,,,,,,,,,,,,,,,,,,,,,,,,,,,,,,,,,,,,,,,,,,,,,,,,,,,,,,,,,,,,,,,,,,,,,,,,,,,,,,,,,,,,,,,,,,,,,,,,,,,,,,,,,,,,,,,,,,,,,,,,,,,,,,,,,,,,,,,,,,,,,,,,,,,,,42124,1,Right,2026-03-11_12h57.13.995,EmoNback_Practice,2024.2.4,None,2026-03-11 12h57.28.194180 -0500,
,,,,,,,,,,,,,,,,,,,,,,,,,,,,,,,,,,,,,,,,,,,,,,,,,,,,,,,,,,,,,,,,,,,,,,,,,,,,,,,,,,,,,,,,,3.7338168337009847,3.7426529587246478,4.237399791833013,4.237399791833013,4.237399791833013,4.244574666954577,6.773308834061027,6.773308834061027,6.773308834061027,6.7306768340058625,,,,,,,,,,,,,,,,,,,,,,,,,,,,,,,,,,,,,,,,,,,,,,,,,,,,,,,,,,,,,,,,,,,,,,,,,,,,,,,,,,,,,,,,,,,,,,,,,,,,,,,,,,,,,,,,,,,,,,,,,,,,,,,,,,,,,,,,,,,,,,,,,,,,,,,,,,,,,,,,,,,,,,,,,,,,,,,,,,,,,,,,,,,,,,,,,,,42124,1,Right,2026-03-11_12h57.13.995,EmoNback_Practice,2024.2.4,None,2026-03-11 12h57.28.194180 -0500,
2,1,None,PracticeTrialsPROC,VM Stimuli/PracticeNC2.bmp,nontarget,Nontarget,NeutFace,0-Back,0,0,0,None,0,0,0,0,0,,,,,,,,,6.773308834061027,,,,,,,,,,,,,,,,,,,,,,,,,,,,,,,,,,,,,,,,,,,,,,,,,,,,,,,,,,,,,,,,,,,,,,,,,6.766050041653216,6.773308834061027,6.773308834061027,6.773308834061027,6.773308834061027,8.73752733366564,None,0,8.738950124941766,8.745216999668628,9.22382316691801,9.240925416816026,10.71781437471509,10.71069262502715,,,,,,,,,,,,,,,,,,,,,,,,,,,,,,,,,,,,,,,,,,,,,,,,,,,,,,,,,,,,,,,,,,,,,,,,,,,,,,,,,,,,,,,,,,,,,,,,,,,,,,,,,,,,,,,,,,,,,,,,,,,,,,,,,,,,,,,,,,,,,,,,,,,,,,,,,,,,,,,,,,,,,,,,,,,,,,,,,,,,,42124,1,Right,2026-03-11_12h57.13.995,EmoNback_Practice,2024.2.4,None,2026-03-11 12h57.28.194180 -0500,
3,1,None,PracticeTrialsPROC,VM Stimuli/PracticeNC1.bmp,target,Target,NeutFace,0-Back,1,1,0,None,0,0,1,1,1,,,,,,,,,10.71781437471509,,,,,,,,,,,,,,,,,,,,,,,,,,,,,,,,,,,,,,,,,,,,,,,,,,,,,,,,,,,,,,,,,,,,,,,,,10.714401999954134,10.724428083747625,10.724428083747625,10.724428083747625,10.724428083747625,12.710654333699495,None,0,12.711945166811347,12.727632584050298,13.223987666890025,13.223987666890025,14.715417499653995,14.70708433398977,12.715411792043597,12.715411792043597,12.715411792043597,12.715411792043597,,,,,,,,,,,,,,,,,,,,,,,,,,,,,,,,,,,,,,,,,,,,,,,,,,,,,,,,,,,,,,,,,,,,,,,,,,,,,,,,,,,,,,,,,,,,,,,,,,,,,,,,,,,,,,,,,,,,,,,,,,,,,,,,,,,,,,,,,,,,,,,,,,,,,,,,,,,,,,,,,,,,,,,,,,,,,,,,,42124,1,Right,2026-03-11_12h57.13.995,EmoNback_Practice,2024.2.4,None,2026-03-11 12h57.28.194180 -0500,
4,1,None,PracticeTrialsPROC,VM Stimuli/PracticeNC3.bmp,nontarget,Nontarget,NeutFace,0-Back,2,2,0,None,0,0,2,2,2,,,,,,,,,14.715417499653995,,,,,,,,,,,,,,,,,,,,,,,,,,,,,,,,,,,,,,,,,,,,,,,,,,,,,,,,,,,,,,,,,,,,,,,,,14.712688624858856,14.723225333727896,14.723225333727896,14.723225333727896,14.723225333727896,16.707308291923255,None,0,16.708690375089645,16.723751374986023,17.229171416722238,17.221704958938062,18.732704458758235,18.720494916662574,16.718481916934252,16.718481916934252,16.718481916934252,16.718481916934252,,,,,,,,,,,,,,,,,,,,,,,,,,,,,,,,,,,,,,,,,,,,,,,,,,,,,,,,,,,,,,,,,,,,,,,,,,,,,,,,,,,,,,,,,,,,,,,,,,,,,,,,,,,,,,,,,,,,,,,,,,,,,,,,,,,,,,,,,,,,,,,,,,,,,,,,,,,,,,,,,,,,,,,,,,,,,,,,,42124,1,Right,2026-03-11_12h57.13.995,EmoNback_Practice,2024.2.4,None,2026-03-11 12h57.28.194180 -0500,
5,1,None,PracticeTrialsPROC,VM Stimuli/PracticeNC2.bmp,nontarget,Nontarget,NeutFace,0-Back,3,3,0,None,0,0,3,3,3,,,,,,,,,18.732704458758235,,,,,,,,,,,,,,,,,,,,,,,,,,,,,,,,,,,,,,,,,,,,,,,,,,,,,,,,,,,,,,,,,,,,,,,,,18.72494237497449,18.732704458758235,18.732704458758235,18.732704458758235,18.732704458758235,20.717634124681354,None,0,20.7188019589521,20.72394158365205,21.226995541714132,21.226995541714132,22.721872958820313,22.712778499815613,20.72394158365205,20.72394158365205,20.72394158365205,20.72394158365205,,,,,,,,,,,,,,,,,,,,,,,,,,,,,,,,,,,,,,,,,,,,,,,,,,,,,,,,,,,,,,,,,,,,,,,,,,,,,,,,,,,,,,,,,,,,,,,,,,,,,,,,,,,,,,,,,,,,,,,,,,,,,,,,,,,,,,,,,,,,,,,,,,,,,,,,,,,,,,,,,,,,,,,,,,,,,,,,,42124,1,Right,2026-03-11_12h57.13.995,EmoNback_Practice,2024.2.4,None,2026-03-11 12h57.28.194180 -0500,
6,1,None,PracticeTrialsPROC,VM Stimuli/PracticeNC1.bmp,target,Target,NeutFace,0-Back,4,4,0,None,0,0,4,4,4,,,,,,,,,22.721872958820313,,,,,,,,,,,,,,,,,,,,,,,,,,,,,,,,,,,,,,,,,,,,,,,,,,,,,,,,,,,,,,,,,,,,,,,,,22.717798124998808,22.731415499933064,22.731415499933064,22.731415499933064,22.731415499933064,24.715967999771237,None,0,24.7171773747541,24.72841608384624,25.234511708840728,25.214489874895662,26.728107624687254,26.72044095909223,24.72841608384624,24.72841608384624,24.72841608384624,24.72841608384624,,,,,,,,,,,,,,,,,,,,,,,,,,,,,,,,,,,,,,,,,,,,,,,,,,,,,,,,,,,,,,,,,,,,,,,,,,,,,,,,,,,,,,,,,,,,,,,,,,,,,,,,,,,,,,,,,,,,,,,,,,,,,,,,,,,,,,,,,,,,,,,,,,,,,,,,,,,,,,,,,,,,,,,,,,,,,,,,,42124,1,Right,2026-03-11_12h57.13.995,EmoNback_Practice,2024.2.4,None,2026-03-11 12h57.28.194180 -0500,
,,,,,,,,,,,,,,,,,,,,,,,,,,,,,,,,,,,,,,,,,,,,,,,,,,,,,,,,,,,,,,,,,,,,,,,,,,,,,,,,,,,,,,,,,,,,,,,,,,,,,,,,,,,,,,,,,,,,,26.72137050004676,26.728107624687254,26.728107624687254,27.671629291959107,space,0.9397062500938773,None,,,,,,,,,,,,,,,,,,,,,,,,,,,,,,,,,,,,,,,,,,,,,,,,,,,,,,,,,,,,,,,,,,,,,,,,,,,,,,,,,,,,,,,,,,,,,,,,,,,,,,,,,,,,,,,,,,,,,,,,,,,,,,,,,,,,,,,,,,,,,,,,,,,,,,,,,,,,,,,,,,,,,,,,,,42124,1,Right,2026-03-11_12h57.13.995,EmoNback_Practice,2024.2.4,None,2026-03-11 12h57.28.194180 -0500,
,,,,,,,,,,,,,,,,,,,,,,,,,,,,,,,,,,,,,,,,,,,,,,,,,,,,,,,,,,,,,,,,,,,,,,,,,,,,,,,,,,,,,,,,,,,,,,,,,,,,,,,,,,,,,,,,,,,,,,,,,,,,27.67289183381945,27.682515209075063,28.16655212501064,28.16655212501064,28.16655212501064,28.174849499948323,30.680061333812773,30.680061333812773,30.680061333812773,30.660699292086065,,,,,,,,,,,,,,,,,,,,,,,,,,,,,,,,,,,,,,,,,,,,,,,,,,,,,,,,,,,,,,,,,,,,,,,,,,,,,,,,,,,,,,,,,,,,,,,,,,,,,,,,,,,,,,,,,,,,,,,,,,,,,,,,,,,,,,,,,,,,,,,,,,,,,,,,,,,,,,,,42124,1,Right,2026-03-11_12h57.13.995,EmoNback_Practice,2024.2.4,None,2026-03-11 12h57.28.194180 -0500,
2,1,None,PracticeTrialsPROC,VM Stimuli/Place1.bmp,target,Target,Place,0-Back,0,0,0,None,0,,,,,0,0,0,0,,,,,30.680061333812773,,,,,,,,,,,,,,,,,,,,,,,,,,,,,,,,,,,,,,,,,,,,,,,,,,,,,,,,,,,,,,,,,,,,,,,,,30.673785833641887,30.680061333812773,30.680061333812773,30.680061333812773,30.680061333812773,32.66912529198453,,,32.670538583770394,32.67487791692838,33.169377041980624,33.169377041980624,34.6610542088747,34.653212958946824,32.67487791692838,32.67487791692838,32.67487791692838,32.67487791692838,,,,,,,,,,,,,,,,,,None,0,,,,,,,,,,,,,,,,,,,,,,,,,,,,,,,,,,,,,,,,,,,,,,,,,,,,,,,,,,,,,,,,,,,,,,,,,,,,,,,,,,,,,,,,,,,,,,,,,,,,,,,,,,,,,,,,,,,,,,,,,,,,,,,,,,,,,,,,,,,,,,,,,,,,,,,,,,,,,,42124,1,Right,2026-03-11_12h57.13.995,EmoNback_Practice,2024.2.4,None,2026-03-11 12h57.28.194180 -0500,
3,1,None,PracticeTrialsPROC,VM Stimuli/Place3.bmp,nontarget,Nontarget,Place,0-Back,1,1,0,None,0,,,,,0,1,1,1,,,,,34.6610542088747,,,,,,,,,,,,,,,,,,,,,,,,,,,,,,,,,,,,,,,,,,,,,,,,,,,,,,,,,,,,,,,,,,,,,,,,,34.65836195880547,34.66859258385375,34.66859258385375,34.66859258385375,34.66859258385375,36.66184895904735,,,36.66321099968627,36.66847566701472,37.17142983386293,37.15673024998978,38.67000279203057,38.65708541683853,36.66847566701472,36.66847566701472,36.66847566701472,36.66847566701472,,,,,,,,,,,,,,,,,,None,0,,,,,,,,,,,,,,,,,,,,,,,,,,,,,,,,,,,,,,,,,,,,,,,,,,,,,,,,,,,,,,,,,,,,,,,,,,,,,,,,,,,,,,,,,,,,,,,,,,,,,,,,,,,,,,,,,,,,,,,,,,,,,,,,,,,,,,,,,,,,,,,,,,,,,,,,,,,,,,42124,1,Right,2026-03-11_12h57.13.995,EmoNback_Practice,2024.2.4,None,2026-03-11 12h57.28.194180 -0500,
4,1,None,PracticeTrialsPROC,VM Stimuli/Place5.bmp,nontarget,Nontarget,Place,0-Back,2,2,0,None,0,,,,,0,2,2,2,,,,,38.67000279203057,,,,,,,,,,,,,,,,,,,,,,,,,,,,,,,,,,,,,,,,,,,,,,,,,,,,,,,,,,,,,,,,,,,,,,,,,38.6622873339802,38.67000279203057,38.67000279203057,38.67000279203057,38.67000279203057,40.65704970899969,,,40.65810183389112,40.66896341694519,41.16887716669589,41.16887716669589,42.674468541983515,42.66190120903775,40.66896341694519,40.66896341694519,40.66896341694519,40.66896341694519,,,,,,,,,,,,,,,,,,None,0,,,,,,,,,,,,,,,,,,,,,,,,,,,,,,,,,,,,,,,,,,,,,,,,,,,,,,,,,,,,,,,,,,,,,,,,,,,,,,,,,,,,,,,,,,,,,,,,,,,,,,,,,,,,,,,,,,,,,,,,,,,,,,,,,,,,,,,,,,,,,,,,,,,,,,,,,,,,,,42124,1,Right,2026-03-11_12h57.13.995,EmoNback_Practice,2024.2.4,None,2026-03-11 12h57.28.194180 -0500,
5,1,None,PracticeTrialsPROC,VM Stimuli/Place1.bmp,target,Target,Place,0-Back,3,3,0,None,0,,,,,0,3,3,3,,,,,42.674468541983515,,,,,,,,,,,,,,,,,,,,,,,,,,,,,,,,,,,,,,,,,,,,,,,,,,,,,,,,,,,,,,,,,,,,,,,,,42.667098791804165,42.674468541983515,42.674468541983515,42.674468541983515,42.674468541983515,44.66294854180887,,,44.664225792046636,44.669378333725035,45.170234041754156,45.15580270905048,46.672455084044486,46.659231499768794,44.669378333725035,44.669378333725035,44.669378333725035,44.669378333725035,,,,,,,,,,,,,,,,,,None,0,,,,,,,,,,,,,,,,,,,,,,,,,,,,,,,,,,,,,,,,,,,,,,,,,,,,,,,,,,,,,,,,,,,,,,,,,,,,,,,,,,,,,,,,,,,,,,,,,,,,,,,,,,,,,,,,,,,,,,,,,,,,,,,,,,,,,,,,,,,,,,,,,,,,,,,,,,,,,,42124,1,Right,2026-03-11_12h57.13.995,EmoNback_Practice,2024.2.4,None,2026-03-11 12h57.28.194180 -0500,
6,1,None,PracticeTrialsPROC,VM Stimuli/Place3.bmp,nontarget,Nontarget,Place,0-Back,4,4,0,None,0,,,,,0,4,4,4,,,,,46.672455084044486,,,,,,,,,,,,,,,,,,,,,,,,,,,,,,,,,,,,,,,,,,,,,,,,,,,,,,,,,,,,,,,,,,,,,,,,,46.66471683373675,46.672455084044486,46.672455084044486,46.672455084044486,46.672455084044486,48.66106454189867,,,48.662274833768606,48.66654841694981,49.169576291926205,49.158307124860585,50.66815500007942,50.6619833339937,48.66654841694981,48.66654841694981,48.66654841694981,48.66654841694981,,,,,,,,,,,,,,,,,,None,0,,,,,,,,,,,,,,,,,,,,,,,,,,,,,,,,,,,,,,,,,,,,,,,,,,,,,,,,,,,,,,,,,,,,,,,,,,,,,,,,,,,,,,,,,,,,,,,,,,,,,,,,,,,,,,,,,,,,,,,,,,,,,,,,,,,,,,,,,,,,,,,,,,,,,,,,,,,,,,42124,1,Right,2026-03-11_12h57.13.995,EmoNback_Practice,2024.2.4,None,2026-03-11 12h57.28.194180 -0500,
,,,,,,,,,,,,,,,,,,,,,,,,,,,,,,,,,,,,,,,,,,,,,,,,,,,,,,,,,,,,,,,,,,,,,,,,,,,,,,,,,,,,,,,,,,,,,,,,,,,,,,,,,,,,,,,,,,,,,50.662781291641295,50.66815500007942,50.66815500007942,55.3941351249814,space,4.722621915861964,None,,,,,,,,,,,,,,,,,,,,,,,,,,,,,,,,,,,,,,,,,,,,,,,,,,,,,,,,,,,,,,,,,,,,,,,,,,,,,,,,,,,,,,,,,,,,,,,,,,,,,,,,,,,,,,,,,,,,,,,,,,,,,,,,,,,,,,,,,,,,,,,,,,,,,,,,,,,,,,,,,,,,,,,,,,42124,1,Right,2026-03-11_12h57.13.995,EmoNback_Practice,2024.2.4,None,2026-03-11 12h57.28.194180 -0500,
,,,,,,,,,,,,,,,,,,,,,,,,,,,,,,,,,,,,,,,,,,,,,,,,,,,,,,,,,,,,,,,,,,,,,,,,,,,,,,,,,,,,,,,,,,,,,,,,,,,,,,,,,,,,,,,,,,,,,,,,,,,,,,,,,,,,,,,,55.39661333383992,55.40611695870757,55.40611695870757,58.31158583378419,space,2.904215208720416,None,,,,,,,,,,,,,,,,,,,,,,,,,,,,,,,,,,,,,,,,,,,,,,,,,,,,,,,,,,,,,,,,,,,,,,,,,,,,,,,,,,,,,,,,,,,,,,,,,,,,,,,,,,,,,,,,,,,,,,,,,,,,,,,,,,,,,,,,,,,,,,,,,,,,,,,42124,1,Right,2026-03-11_12h57.13.995,EmoNback_Practice,2024.2.4,None,2026-03-11 12h57.28.194180 -0500,
,,,,,,,,,,,,,,,,,,,,,,,,,,,,,,,,,,,,,,,,,,,,,,,,,,,,,,,,,,,,,,,,,,,,,,,,,,,,,,,,,,,,,,,,,,,,,,,,,,,,,,,,,,,,,,,,,,,,,,,,,,,,,,,,,,,,,,,,,,,,,,,58.31395983370021,58.32232016697526,58.32232016697526,61.80389237497002,space,3.470874958205968,None,,,,,,,,,,,,,,,,,,,,,,,,,,,,,,,,,,,,,,,,,,,,,,,,,,,,,,,,,,,,,,,,,,,,,,,,,,,,,,,,,,,,,,,,,,,,,,,,,,,,,,,,,,,,,,,,,,,,,,,,,,,,,,,,,,,,,,,,,,,,,,,,42124,1,Right,2026-03-11_12h57.13.995,EmoNback_Practice,2024.2.4,None,2026-03-11 12h57.28.194180 -0500,
,,,,,,,,,,,,,,,,,,,,,,,,,,,,,,,,,,,,,,,,,,,,,,,,,,,,,,,,,,,,,,,,,,,,,,,,,,,,,,,,,,,,,,,,,,,,,,,,,,,,,,,,,,,,,,,,,,,,,,,,,,,,,,,,,,,,,,,,,,,,,,,,,,,,,,61.810917750000954,61.824057791847736,61.824057791847736,61.824057791847736,61.824057791847736,61.824057791847736,66.01582812471315,space,4.189173415768892,None,,,,,,,,,,,,,,,,,,,,,,,,,,,,,,,,,,,,,,,,,,,,,,,,,,,,,,,,,,,,,,,,,,,,,,,,,,,,,,,,,,,,,,,,,,,,,,,,,,,,,,,,,,,,,,,,,,,,,,,,,,,,,,,,,,,,,,42124,1,Right,2026-03-11_12h57.13.995,EmoNback_Practice,2024.2.4,None,2026-03-11 12h57.28.194180 -0500,
,,,,,,,,,,,,,,,,,,,,,,,,,,,,,,,,,,,,,,,,,,,,,,,,,,,,,,,,,,,,,,,,,,,,,,,,,,,,,,,,,,,,,,,,,,,,,,,,,,,,,,,,,,,,,,,,,,,,,,,,,,,,,,,,,,,,,,,,,,,,,,,,,,,,,,,,,,,,,,,,66.02039824984968,66.03097949968651,66.03097949968651,66.03097949968651,66.03097949968651,66.03097949968651,66.03097949968651,67.36655366700143,space,1.3307802500203252,None,,,,,,,,,,,,,,,,,,,,,,,,,,,,,,,,,,,,,,,,,,,,,,,,,,,,,,,,,,,,,,,,,,,,,,,,,,,,,,,,,,,,,,,,,,,,,,,,,,,,,,,,,,,,,,,,,,,,,,,,,,,42124,1,Right,2026-03-11_12h57.13.995,EmoNback_Practice,2024.2.4,None,2026-03-11 12h57.28.194180 -0500,
,,,,,,,,,,,,,,,,,,,,,,,,,,,,,,,,,,,,,,,,,,,,,,,,,,,,,,,,,,,,,,,,,,,,,,,,,,,,,,,,,,,,,,,,,,,,,,,,,,,,,,,,,,,,,,,,,,,,,,,,,,,,,,,,,,,,,,,,,,,,,,,,,,,,,,,,,,,,,,,,,,,,,,,,,,,67.37009483389556,67.39708808390424,67.39708808390424,67.39708808390424,67.39708808390424,67.39708808390424,67.39708808390424,67.39708808390424,67.39708808390424,68.51227270904928,space,1.106659000273794,None,,,,,,,,,,,,,,,,,,,,,,,,,,,,,,,,,,,,,,,,,,,,,,,,,,,,,,,,,,,,,,,,,,,,,,,,,,,,,,,,,,,,,,,,,,,,,,,,,,,,,,,,,,,,,,42124,1,Right,2026-03-11_12h57.13.995,EmoNback_Practice,2024.2.4,None,2026-03-11 12h57.28.194180 -0500,
,,,,,,,,,,,,,,,,,,,,,,,,,,,,,,,,,,,,,,,,,,,,,,,,,,,,,,,,,,,,,,,,,,,,,,,,,,,,,,,,,,,,,,,,,,,,,,,,,,,,,,,,,,,,,,,,,,,,,,,,,,,,,,,,,,,,,,,,,,,,,,,,,,,,,,,,,,,,,,,,,,,,,,,,,,,,,,,,,,,,,,,,68.51823400007561,68.52885562507436,68.52885562507436,68.52885562507436,68.52885562507436,68.52885562507436,68.52885562507436,68.52885562507436,69.31223845900968,space,0.7738516251556575,None,,,,,,,,,,,,,,,,,,,,,,,,,,,,,,,,,,,,,,,,,,,,,,,,,,,,,,,,,,,,,,,,,,,,,,,,,,,,,,,,,,,,,,,,,,,,,,,,,,42124,1,Right,2026-03-11_12h57.13.995,EmoNback_Practice,2024.2.4,None,2026-03-11 12h57.28.194180 -0500,
,,,,,,,,,,,,,,,,,,,,,,,,,,,,,,,,,,,,,,,,,,,,,,,,,,,,,,,,,,,,,,,,,,,,,,,,,,,,,,,,,,,,,,,,,,,,,,,,,,,,,,,,,,,,,,,,,,,,,,,,,,,,,,,,,,,,,,,,,,,,,,,,,,,,,,,,,,,,,,,,,,,,,,,,,,,,,,,,,,,,,,,,,,,,,,,,,,,,69.31263429205865,69.31717783398926,69.31717783398926,69.83765358384699,space,0.5175213748589158,None,,,,,,,,,,,,,,,,,,,,,,,,,,,,,,,,,,,,,,,,,,,,,,,,,,,,,,,,,,,,,,,,,,,,,,,,,,,,,,,,,,,,,,,,,,,42124,1,Right,2026-03-11_12h57.13.995,EmoNback_Practice,2024.2.4,None,2026-03-11 12h57.28.194180 -0500,
,,,,,,,,,,,,,,,,,,,,,,,,,,,,,,,,,,,,,,,,,,,,,,,,,,,,,,,,,,,,,,,,,,,,,,,,,,,,,,,,,,,,,,,,,,,,,,,,,,,,,,,,,,,,,,,,,,,,,,,,,,,,,,,,,,,,,,,,,,,,,,,,,,,,,,,,,,,,,,,,,,,,,,,,,,,,,,,,,,,,,,,,,,,,,,,,,,,,,,,,,,,69.8394348337315,69.85319316666573,69.85319316666573,69.85319316666573,69.85319316666573,69.85319316666573,73.41183616686612,space,3.5474176658317447,None,,,,,,,,,,,,,,,,,,,,,,,,,,,,,,,,,,,,,,,,,,,,,,,,,,,,,,,,,,,,,,,,,,,,,,,,,,,,,,,,,42124,1,Right,2026-03-11_12h57.13.995,EmoNback_Practice,2024.2.4,None,2026-03-11 12h57.28.194180 -0500,
,,,,,,,,,,,,,,,,,,,,,,,,,,,,,,,,,,,,,,,,,,,,,,,,,,,,,,,,,,,,,,,,,,,,,,,,,,,,,,,,,,,,,,,,,,,,,,,,,,,,,,,,,,,,,,,,,,,,,,,,,,,,,,,,,,,,,,,,,,,,,,,,,,,,,,,,,,,,,,,,,,,,,,,,,,,,,,,,,,,,,,,,,,,,,,,,,,,,,,,,,,,,,,,,,,,,,73.41363070905209,73.4246124168858,73.4246124168858,73.4246124168858,73.4246124168858,73.4246124168858,74.93612841702998,space,1.5090295411646366,None,,,,,,,,,,,,,,,,,,,,,,,,,,,,,,,,,,,,,,,,,,,,,,,,,,,,,,,,,,,,,,,,,,,,,,,42124,1,Right,2026-03-11_12h57.13.995,EmoNback_Practice,2024.2.4,None,2026-03-11 12h57.28.194180 -0500,
,,,,,,,,,,,,,,,,,,,,,,,,,,,,,,,,,,,,,,,,,,,,,,,,,,,,,,,,,,,,,,,,,,,,,,,,,,,,,,,,,,,,,,,,,,,,,,,,,,,,,,,,,,,,,,,,,,,,,,,,,,,,,,,,,,,,,,,,,,,,,,,,,,,,,,,,,,,,,,,,,,,,,,,,,,,,,,,,,,,,,,,,,,,,,,,,,,,,,,,,,,,,,,,,,,,,,,,,,,,,,,,74.93715941673145,74.94773862464353,74.94773862464353,74.94773862464353,74.94773862464353,74.94773862464353,75.77695504203439,space,0.826857291162014,None,,,,,,,,,,,,,,,,,,,,,,,,,,,,,,,,,,,,,,,,,,,,,,,,,,,,,,,,,,,,,42124,1,Right,2026-03-11_12h57.13.995,EmoNback_Practice,2024.2.4,None,2026-03-11 12h57.28.194180 -0500,
,,,,,,,,,,,,,,,,,,,,,,,,,,,,,,,,,,,,,,,,,,,,,,,,,,,,,,,,,,,,,,,,,,,,,,,,,,,,,,,,,,,,,,,,,,,,,,,,,,,,,,,,,,,,,,,,,,,,,,,,,,,,,,,,,,,,,,,,,,,,,,,,,,,,,,,,,,,,,,,,,,,,,,,,,,,,,,,,,,,,,,,,,,,,,,,,,,,,,,,,,,,,,,,,,,,,,,,,,,,,,,,,,,,,,,,,,75.77837812481448,75.78897524997592,75.78897524997592,75.78897524997592,75.78897524997592,75.78897524997592,75.78897524997592,77.01082083396614,space,1.2127076666802168,None,,,,,,,,,,,,,,,,,,,,,,,,,,,,,,,,,,,,,,,,,,,,,,,,,,42124,1,Right,2026-03-11_12h57.13.995,EmoNback_Practice,2024.2.4,None,2026-03-11 12h57.28.194180 -0500,
,,,,,,,,,,,,,,,,,,,,,,,,,,,,,,,,,,,,,,,,,,,,,,,,,,,,,,,,,,,,,,,,,,,,,,,,,,,,,,,,,,,,,,,,,,,,,,,,,,,,,,,,,,,,,,,,,,,,,,,,,,,,,,,,,,,,,,,,,,,,,,,,,,,,,,,,,,,,,,,,,,,,,,,,,,,,,,,,,,,,,,,,,,,,,,,,,,,,,,,,,,,,,,,,,,,,,,,,,,,,,,,,,,,,,,,,,,,,,,,,,,,,77.01191833382472,77.02226904174313,77.02226904174313,77.02226904174313,77.02226904174313,77.02226904174313,84.55037020891905,space,7.524387542158365,None,,,,,,,,,,,,,,,,,,,,,,,,,,,,,,,,,,,,,,,,42124,1,Right,2026-03-11_12h57.13.995,EmoNback_Practice,2024.2.4,None,2026-03-11 12h57.28.194180 -0500,
,,,,,,,,,,,,,,,,,,,,,,,,,,,,,,,,,,,,,,,,,,,,,,,,,,,,,,,,,,,,,,,,,,,,,,,,,,,,,,,,,,,,,,,,,,,,,,,,,,,,,,,,,,,,,,,,,,,,,,,,,,,,,,,,,,,,,,,,,,,,,,,,,,,,,,,,,,,,,,,,,,,,,,,,,,,,,,,,,,,,,,,,,,,,,,,,,,,,,,,,,,,,,,,,,,,,,,,,,,,,,,,,,,,,,,,,,,,,,,,,,,,,,,,,,,,,,,84.55222641676664,84.56349091697484,84.56349091697484,84.56349091697484,84.56349091697484,84.56349091697484,84.56349091697484,84.56349091697484,99.55247304169461,space,14.977959499694407,None,,,,,,,,,,,,,,,,,,,,,,,,,,,,42124,1,Right,2026-03-11_12h57.13.995,EmoNback_Practice,2024.2.4,None,2026-03-11 12h57.28.194180 -0500,
,,,,,,,,,,,,,,,,,,,,,,,,,,,,,,,,,,,,,,,,,,,,,,,,,,,,,,,,,,,,,,,,,,,,,,,,,,,,,,,,,,,,,,,,,,,,,,,,,,,,,,,,,,,,,,,,,,,,,,,,,,,,,,,,,,,,,,,,,,,,,,,,,,,,,,,,,,,,,,,,,,,,,,,,,,,,,,,,,,,,,,,,,,,,,,,,,,,,,,,,,,,,,,,,,,,,,,,,,,,,,,,,,,,,,,,,,,,,,,,,,,,,,,,,,,,,,,,,,,,,,,,,,,99.55394787481055,99.5789156248793,99.5789156248793,99.5789156248793,99.5789156248793,99.5789156248793,99.5789156248793,99.5789156248793,99.5789156248793,101.82905129203573,space,2.2469556662254035,None,,,,,,,,,,,,,,,42124,1,Right,2026-03-11_12h57.13.995,EmoNback_Practice,2024.2.4,None,2026-03-11 12h57.28.194180 -0500,
,,,,,,,,,,,,,,,,,,,,,,,,,,,,,,,,,,,,,,,,,,,,,,,,,,,,,,,,,,,,,,,,,,,,,,,,,,,,,,,,,,,,,,,,,,,,,,,,,,,,,,,,,,,,,,,,,,,,,,,,,,,,,,,,,,,,,,,,,,,,,,,,,,,,,,,,,,,,,,,,,,,,,,,,,,,,,,,,,,,,,,,,,,,,,,,,,,,,,,,,,,,,,,,,,,,,,,,,,,,,,,,,,,,,,,,,,,,,,,,,,,,,,,,,,,,,,,,,,,,,,,,,,,,,,,,,,,,,,,,101.83041029190645,101.83781954180449,101.83781954180449,103.10531412484124,space,1.2610789169557393,None,,,,,,,,42124,1,Right,2026-03-11_12h57.13.995,EmoNback_Practice,2024.2.4,None,2026-03-11 12h57.28.194180 -0500,
,,,,,,,,,,,,,,,,,,,,,,,,,,,,,,,,,,,,,,,,,,,,,,,,,,,,,,,,,,,,,,,,,,,,,,,,,,,,,,,,,,,,,,,,,,,,,,,,,,,,,,,,,,,,,,,,,,,,,,,,,,,,,,,,,,,,,,,,,,,,,,,,,,,,,,,,,,,,,,,,,,,,,,,,,,,,,,,,,,,,,,,,,,,,,,,,,,,,,,,,,,,,,,,,,,,,,,,,,,,,,,,,,,,,,,,,,,,,,,,,,,,,,,,,,,,,,,,,,,,,,,,,,,,,,,,,,,,,,,,,,,,,,,103.10613608406857,103.11537624988705,103.11537624988705,103.70418270863593,space,0.5764533332549036,None,42124,1,Right,2026-03-11_12h57.13.995,EmoNback_Practice,2024.2.4,None,2026-03-11 12h57.28.194180 -0500,
1,1,None,PracticeTrialsPROC,VM Stimuli/PracticeFO2.bmp,nontarget,Nontarget,NegFace,2-Back,0,0,0,,,,,,,,,,,0,0,0,0,103.72913441667333,,,,,,,,,,,,,,,,,,,,,,,,,,,,,,,,,,,,,,,,,,,,,,,,,,,,,,,,,,,,,,,,,,,,,,,,,103.71941045904532,103.72913441667333,103.72913441667333,103.72913441667333,103.72913441667333,,,,,,,,,,,,,,,,,,,,,,,,,,,,,,,,,,,,,,,,,,,,,,,,,,,,,,,,,,,,,,,,,,,,,,,,,,,,,,,,,,,,,,,,,,,,,,,,,,,,,,,,,,,,,,,,,,,,,,,,,,,,,,,,,,,,,,,,,,,,,,,,,,,,,,,,,,,,,,,,,,,,,,,,,,,,,,,,,,,,,,,,,,,,,,,,,,,,,,
