ID,Weight,Nested,Procedure,Stimulus,TargetType,CorrectResponse,StimType,BlockType,thisN,thisTrialN,thisRepN,response.keys,response.corr,practiceLoop.thisRepN,practiceLoop.thisTrialN,practiceLoop.thisN,practiceLoop.thisIndex,practiceLoop2.thisRepN,practiceLoop2.thisTrialN,practiceLoop2.thisN,practiceLoop2.thisIndex,practiceLoop3.thisRepN,practiceLoop3.thisTrialN,practiceLoop3.thisN,practiceLoop3.thisIndex,practiceLoop4.thisRepN,practiceLoop4.thisTrialN,practiceLoop4.thisN,practiceLoop4.thisIndex,practiceLoop5.thisRepN,practiceLoop5.thisTrialN,practiceLoop5.thisN,practiceLoop5.thisIndex,practiceLoop6.thisRepN,practiceLoop6.thisTrialN,practiceLoop6.thisN,practiceLoop6.thisIndex,practiceLoop7.thisRepN,practiceLoop7.thisTrialN,practiceLoop7.thisN,practiceLoop7.thisIndex,practiceLoop8.thisRepN,practiceLoop8.thisTrialN,practiceLoop8.thisN,practiceLoop8.thisIndex,thisRow.t,notes,TitlePage.started,NextPage.started,NbackTitle.started,TitlePage.stopped,NextPage.keys,NextPage.rt,NextPage.duration,Instructions1.started,NextPage_2.started,Instructions_1.started,Label_faces.started,Places_label.started,Face_image.started,Place_Image.started,Instructions1.stopped,NextPage_2.keys,NextPage_2.rt,NextPage_2.duration,Instructions5pt5.started,NextPage_5.started,Instructions_5pt5.started,Instructions5pt5.stopped,NextPage_5.keys,NextPage_5.rt,NextPage_5.duration,Instructions6.started,NextPage_6.started,Instructions_6.started,Instructions_6_Target.started,TargetImage.started,Instructions6.stopped,NextPage_6.keys,NextPage_6.rt,NextPage_6.duration,Instructions6pt1.started,NextPage_27.started,Instructions_7.started,TargetImage_2.started,Instructions_6_Match_2.started,Instructions6pt1.stopped,NextPage_27.keys,NextPage_27.rt,NextPage_27.duration,Instructions14.started,NextPage_7.started,Instructions_10.started,Instructions_6_Match_3.started,TargetImage_3.started,Instructions14.stopped,NextPage_7.keys,NextPage_7.rt,NextPage_7.duration,Instructions6pt2.started,NextPage_8.started,Instructions_6pt2.started,Instructions6pt2.stopped,NextPage_8.keys,NextPage_8.rt,NextPage_8.duration,PracticeTrial1_Cue.started,CueFix_1.started,CueTarget_1.started,CueTargetImage_1.started,Zero_back.started,CueFix_1.stopped,CueTarget_1.stopped,CueTargetImage_1.stopped,Zero_back.stopped,PracticeTrial1_Cue.stopped,PracticeTrial_Stim.started,response.started,Stim.started,Stim_LeftScreenInstruction.started,Stim_RightScreenInstruction.started,PracticeTrial_Stim.stopped,practiceLoop.response.keys,practiceLoop.response.corr,PracticeTrial_Feedback.started,Fix.started,Feedback.started,Fix.stopped,Feedback.stopped,PracticeTrial_Feedback.stopped,response.stopped,Stim.stopped,Stim_LeftScreenInstruction.stopped,Stim_RightScreenInstruction.stopped,InstructionsSpaceToContinue.started,NextPage_9.started,Instructions_Space.started,InstructionsSpaceToContinue.stopped,NextPage_9.keys,NextPage_9.rt,NextPage_9.duration,PracticeTrial2_Cue.started,CueFix_2.started,CueFix_2.stopped,CueTarget_2.started,CueTargetImage_2.started,Zero_back_2.started,CueTarget_2.stopped,CueTargetImage_2.stopped,Zero_back_2.stopped,PracticeTrial2_Cue.stopped,practiceLoop2.response.keys,practiceLoop2.response.corr,Instructions8.started,NextPage_10.started,Instructions_8.started,Instructions8.stopped,NextPage_10.keys,NextPage_10.rt,NextPage_10.duration,Instructions9.started,NextPage_12.started,Instructions_9.started,Example_Stim.started,Example_LeftScreenInstruction.started,Example_RightScreenInstruction.started,Instructions_12.started,Instructions9.stopped,NextPage_12.keys,NextPage_12.rt,NextPage_12.duration,Instructions21.started,NextPage_13.started,Instructions_21.started,One_Back_Example_Stim.started,Example_Stim_2.started,Example_LeftScreenInstruction_2.started,Example_RightScreenInstruction_2.started,Instructions21.stopped,NextPage_13.keys,NextPage_13.rt,NextPage_13.duration,Instructions24.started,NextPage_14.started,Instructions_24.started,Green_Border.started,Two_Back_Example_Stim.started,One_Back_Example_Stim_2.started,Example_Stim_3.started,Example_LeftScreenInstruction_3.started,Example_RightScreenInstruction_3.started,Instructions24.stopped,NextPage_14.keys,NextPage_14.rt,NextPage_14.duration,Instructions25.started,NextPage_15.started,Instructions_25.started,Two_Back_Example_Stim_2.started,One_Back_Example_Stim_3.started,Example_Stim_4.started,Example_LeftScreenInstruction_4.started,Example_RightScreenInstruction_4.started,Instructions25.stopped,NextPage_15.keys,NextPage_15.rt,NextPage_15.duration,Instructions15.started,NextPage_16.started,Instructions_15.started,Instructions15.stopped,NextPage_16.keys,NextPage_16.rt,NextPage_16.duration,Instructions32.started,NextPage_17.started,Instructions_32.started,Example_Stim_5.started,Example_LeftScreenInstruction_5.started,Example_RightScreenInstruction_5.started,Instructions32.stopped,NextPage_17.keys,NextPage_17.rt,NextPage_17.duration,Instructions27.started,NextPage_18.started,Instructions_27.started,Example_Stim_6.started,Example_LeftScreenInstruction_6.started,Example_RightScreenInstruction_6.started,Instructions27.stopped,NextPage_18.keys,NextPage_18.rt,NextPage_18.duration,Instructions33.started,NextPage_19.started,Instructions_33.started,Example_Stim_7.started,Example_LeftScreenInstruction_7.started,Example_RightScreenInstruction_7.started,Instructions33.stopped,NextPage_19.keys,NextPage_19.rt,NextPage_19.duration,Instructions26.started,NextPage_20.started,Instructions_26.started,One_Back_Example_Stim_4.started,Example_Stim_8.started,Example_LeftScreenInstruction_8.started,Example_RightScreenInstruction_8.started,Instructions26.stopped,NextPage_20.keys,NextPage_20.rt,NextPage_20.duration,Instructions34.started,NextPage_21.started,Instructions.started,Example_Stim_9.started,Example_LeftScreenInstruction_9.started,Example_RightScreenInstruction_9.started,Instructions34.stopped,NextPage_21.keys,NextPage_21.rt,NextPage_21.duration,Instructions28.started,NextPage_22.started,Instructions_28.started,Two_Back_Example_Stim_3.started,One_Back_Example_Stim_5.started,Example_Stim_10.started,Example_LeftScreenInstruction_10.started,Example_RightScreenInstruction_10.started,Instructions28.stopped,NextPage_22.keys,NextPage_22.rt,NextPage_22.duration,Instructions_31.started,NextPage_28.started,Instructions_4.started,Example_Stim_12.started,Example_LeftScreenInstruction_12.started,Example_RightScreenInstruction_12.started,Instructions_31.stopped,NextPage_28.keys,NextPage_28.rt,NextPage_28.duration,Instructions29.started,NextPage_23.started,Instructions_29.started,Green_Border_2.started,Two_Back_Example_Stim_4.started,One_Back_Example_Stim_6.started,Example_Stim_11.started,Example_LeftScreenInstruction_11.started,Example_RightScreenInstruction_11.started,Instructions29.stopped,NextPage_23.keys,NextPage_23.rt,NextPage_23.duration,Instructions22.started,NextPage_24.started,Instructions_22.started,Instructions22.stopped,NextPage_24.keys,NextPage_24.rt,NextPage_24.duration,Instructions30.started,NextPage_25.started,Instructions_30.started,Instructions30.stopped,NextPage_25.keys,NextPage_25.rt,NextPage_25.duration,practiceLoop3.response.keys,practiceLoop3.response.corr,practiceLoop4.response.keys,practiceLoop4.response.corr,Instructions36.started,NextPage_26.started,Instructions_36.started,magenta_fixcross.started,Instructions_37.started,Instructions36.stopped,NextPage_26.keys,NextPage_26.rt,NextPage_26.duration,Instructions_5.started,NextPage_29.started,Instructions_38.started,Instructions_5.stopped,NextPage_29.keys,NextPage_29.rt,NextPage_29.duration,PracticeTrial5_Cue.started,CueFix_5.started,Cue_2Back.started,CueFix_5.stopped,Cue_2Back.stopped,PracticeTrial5_Cue.stopped,practiceLoop5.response.keys,practiceLoop5.response.corr,PracticeTrial6_Cue.started,CueFix_6.started,CueFix_6.stopped,CueTarget_6.started,CueTargetImage_6.started,Zero_back_3.started,CueTarget_6.stopped,CueTargetImage_6.stopped,Zero_back_3.stopped,PracticeTrial6_Cue.stopped,practiceLoop6.response.keys,practiceLoop6.response.corr,PracticeTrial7_Cue.started,CueFix_7.started,CueFix_7.stopped,Cue_2Back_2.started,Cue_2Back_2.stopped,PracticeTrial7_Cue.stopped,practiceLoop7.response.keys,practiceLoop7.response.corr,PracticeTrial8_Cue.started,CueFix_8.started,CueFix_8.stopped,CueTarget_8.started,CueTargetImage_8.started,Zero_back_4.started,CueTarget_8.stopped,CueTargetImage_8.stopped,Zero_back_4.stopped,PracticeTrial8_Cue.stopped,practiceLoop8.response.keys,practiceLoop8.response.corr,Goodbye.started,EndProgram.started,AllDone.started,Please enter the Subject ID:,Please enter the Session Number:,Enter subject's handedness:,date,expName,expVersion,psychopyVersion,frameRate,expStart,
,,,,,,,,,,,,,,,,,,,,,,,,,,,,,,,,,,,,,,,,,,,,,,,,0.1347338748164475,0.14632883295416832,0.14632883295416832,8.098875249736011,space,7.9435803750529885,None,,,,,,,,,,,,,,,,,,,,,,,,,,,,,,,,,,,,,,,,,,,,,,,,,,,,,,,,,,,,,,,,,,,,,,,,,,,,,,,,,,,,,,,,,,,,,,,,,,,,,,,,,,,,,,,,,,,,,,,,,,,,,,,,,,,,,,,,,,,,,,,,,,,,,,,,,,,,,,,,,,,,,,,,,,,,,,,,,,,,,,,,,,,,,,,,,,,,,,,,,,,,,,,,,,,,,,,,,,,,,,,,,,,,,,,,,,,,,,,,,,,,,,,,,,,,,,,,,,,,,,,,,,,,,,,,,,,,,,,,,,,,,,,,,,,,,,,,,,,,,,,,,,,,,,,,,,,,,,,,,,,,AANNNAAA,1,Right,2026-04-13_09h55.29.614,EmoNback_Practice,,2025.1.1,60,2026-04-13 09h55.40.205851 -0500,
,,,,,,,,,,,,,,,,,,,,,,,,,,,,,,,,,,,,,,,,,,,,,,,,,,,,,,,8.100248665548861,8.122932290658355,8.122932290658355,8.122932290658355,8.122932290658355,8.122932290658355,8.122932290658355,11.12183149997145,space,2.9914101250469685,None,,,,,,,,,,,,,,,,,,,,,,,,,,,,,,,,,,,,,,,,,,,,,,,,,,,,,,,,,,,,,,,,,,,,,,,,,,,,,,,,,,,,,,,,,,,,,,,,,,,,,,,,,,,,,,,,,,,,,,,,,,,,,,,,,,,,,,,,,,,,,,,,,,,,,,,,,,,,,,,,,,,,,,,,,,,,,,,,,,,,,,,,,,,,,,,,,,,,,,,,,,,,,,,,,,,,,,,,,,,,,,,,,,,,,,,,,,,,,,,,,,,,,,,,,,,,,,,,,,,,,,,,,,,,,,,,,,,,,,,,,,,,,,,,,,,,,,,,,,,,,,,,,,,,,,,,,AANNNAAA,1,Right,2026-04-13_09h55.29.614,EmoNback_Practice,,2025.1.1,60,2026-04-13 09h55.40.205851 -0500,
,,,,,,,,,,,,,,,,,,,,,,,,,,,,,,,,,,,,,,,,,,,,,,,,,,,,,,,,,,,,,,,,,,11.122464457992464,11.135036749765277,11.135036749765277,40.04848924977705,space,28.90492358384654,None,,,,,,,,,,,,,,,,,,,,,,,,,,,,,,,,,,,,,,,,,,,,,,,,,,,,,,,,,,,,,,,,,,,,,,,,,,,,,,,,,,,,,,,,,,,,,,,,,,,,,,,,,,,,,,,,,,,,,,,,,,,,,,,,,,,,,,,,,,,,,,,,,,,,,,,,,,,,,,,,,,,,,,,,,,,,,,,,,,,,,,,,,,,,,,,,,,,,,,,,,,,,,,,,,,,,,,,,,,,,,,,,,,,,,,,,,,,,,,,,,,,,,,,,,,,,,,,,,,,,,,,,,,,,,,,,,,,,,,,,,,,,,,,,,,,,,,,,,,,,,,,,,,AANNNAAA,1,Right,2026-04-13_09h55.29.614,EmoNback_Practice,,2025.1.1,60,2026-04-13 09h55.40.205851 -0500,
,,,,,,,,,,,,,,,,,,,,,,,,,,,,,,,,,,,,,,,,,,,,,,,,,,,,,,,,,,,,,,,,,,,,,,,,,40.049797624815255,40.05923533299938,40.05923533299938,40.05923533299938,40.05923533299938,68.82098058285192,left,28.75733850011602,None,,,,,,,,,,,,,,,,,,,,,,,,,,,,,,,,,,,,,,,,,,,,,,,,,,,,,,,,,,,,,,,,,,,,,,,,,,,,,,,,,,,,,,,,,,,,,,,,,,,,,,,,,,,,,,,,,,,,,,,,,,,,,,,,,,,,,,,,,,,,,,,,,,,,,,,,,,,,,,,,,,,,,,,,,,,,,,,,,,,,,,,,,,,,,,,,,,,,,,,,,,,,,,,,,,,,,,,,,,,,,,,,,,,,,,,,,,,,,,,,,,,,,,,,,,,,,,,,,,,,,,,,,,,,,,,,,,,,,,,,,,,,,,,,,,,,,,,,,AANNNAAA,1,Right,2026-04-13_09h55.29.614,EmoNback_Practice,,2025.1.1,60,2026-04-13 09h55.40.205851 -0500,
,,,,,,,,,,,,,,,,,,,,,,,,,,,,,,,,,,,,,,,,,,,,,,,,,,,,,,,,,,,,,,,,,,,,,,,,,,,,,,,,,,68.8237210828811,68.83234649989754,68.83234649989754,68.83234649989754,68.83234649989754,86.1873032078147,left,17.35400858288631,None,,,,,,,,,,,,,,,,,,,,,,,,,,,,,,,,,,,,,,,,,,,,,,,,,,,,,,,,,,,,,,,,,,,,,,,,,,,,,,,,,,,,,,,,,,,,,,,,,,,,,,,,,,,,,,,,,,,,,,,,,,,,,,,,,,,,,,,,,,,,,,,,,,,,,,,,,,,,,,,,,,,,,,,,,,,,,,,,,,,,,,,,,,,,,,,,,,,,,,,,,,,,,,,,,,,,,,,,,,,,,,,,,,,,,,,,,,,,,,,,,,,,,,,,,,,,,,,,,,,,,,,,,,,,,,,,,,,,,,,,,,,,,,,,AANNNAAA,1,Right,2026-04-13_09h55.29.614,EmoNback_Practice,,2025.1.1,60,2026-04-13 09h55.40.205851 -0500,
,,,,,,,,,,,,,,,,,,,,,,,,,,,,,,,,,,,,,,,,,,,,,,,,,,,,,,,,,,,,,,,,,,,,,,,,,,,,,,,,,,,,,,,,,,,86.18890574993566,86.21301849978045,86.21301849978045,86.21301849978045,86.21301849978045,94.88118387479335,right,8.658201375044882,None,,,,,,,,,,,,,,,,,,,,,,,,,,,,,,,,,,,,,,,,,,,,,,,,,,,,,,,,,,,,,,,,,,,,,,,,,,,,,,,,,,,,,,,,,,,,,,,,,,,,,,,,,,,,,,,,,,,,,,,,,,,,,,,,,,,,,,,,,,,,,,,,,,,,,,,,,,,,,,,,,,,,,,,,,,,,,,,,,,,,,,,,,,,,,,,,,,,,,,,,,,,,,,,,,,,,,,,,,,,,,,,,,,,,,,,,,,,,,,,,,,,,,,,,,,,,,,,,,,,,,,,,,,,,,,,,,,,,,,,AANNNAAA,1,Right,2026-04-13_09h55.29.614,EmoNback_Practice,,2025.1.1,60,2026-04-13 09h55.40.205851 -0500,
,,,,,,,,,,,,,,,,,,,,,,,,,,,,,,,,,,,,,,,,,,,,,,,,,,,,,,,,,,,,,,,,,,,,,,,,,,,,,,,,,,,,,,,,,,,,,,,,,,,,94.88169241556898,94.8878519157879,94.8878519157879,97.14792529074475,space,2.256221125368029,None,,,,,,,,,,,,,,,,,,,,,,,,,,,,,,,,,,,,,,,,,,,,,,,,,,,,,,,,,,,,,,,,,,,,,,,,,,,,,,,,,,,,,,,,,,,,,,,,,,,,,,,,,,,,,,,,,,,,,,,,,,,,,,,,,,,,,,,,,,,,,,,,,,,,,,,,,,,,,,,,,,,,,,,,,,,,,,,,,,,,,,,,,,,,,,,,,,,,,,,,,,,,,,,,,,,,,,,,,,,,,,,,,,,,,,,,,,,,,,,,,,,,,,,,,,,,,,,,,,,,,,,,,,,,,,,,AANNNAAA,1,Right,2026-04-13_09h55.29.614,EmoNback_Practice,,2025.1.1,60,2026-04-13 09h55.40.205851 -0500,
,,,,,,,,,,,,,,,,,,,,,,,,,,,,,,,,,,,,,,,,,,,,,,,,,,,,,,,,,,,,,,,,,,,,,,,,,,,,,,,,,,,,,,,,,,,,,,,,,,,,,,,,,,,97.14895387459546,97.15597229078412,97.64606916578487,97.64606916578487,97.64606916578487,97.6533186249435,100.17207845766097,100.17207845766097,100.17207845766097,100.13066329061985,,,,,,,,,,,,,,,,,,,,,,,,,,,,,,,,,,,,,,,,,,,,,,,,,,,,,,,,,,,,,,,,,,,,,,,,,,,,,,,,,,,,,,,,,,,,,,,,,,,,,,,,,,,,,,,,,,,,,,,,,,,,,,,,,,,,,,,,,,,,,,,,,,,,,,,,,,,,,,,,,,,,,,,,,,,,,,,,,,,,,,,,,,,,,,,,,,,,,,,,,,,,,,,,,,,,,,,,,,,,,,,,,,,,,,,,,,,,,,,,,,,,,,,,,,,,,,,,,,,,,,AANNNAAA,1,Right,2026-04-13_09h55.29.614,EmoNback_Practice,,2025.1.1,60,2026-04-13 09h55.40.205851 -0500,
2,1,None,PracticeTrialsPROC,VM Stimuli/PracticeNC2.bmp,nontarget,Nontarget,NeutFace,0-Back,0,0,0,None,0,0,0,0,0,,,,,,,,,,,,,,,,,,,,,,,,,,,,,100.17207845766097,,,,,,,,,,,,,,,,,,,,,,,,,,,,,,,,,,,,,,,,,,,,,,,,,,,,,,,,,,,,,,,,,,,,,,,100.16592774959281,100.17207845766097,100.17207845766097,100.17207845766097,100.17207845766097,102.15356066590175,None,0,102.16110837459564,102.16643387498334,102.64580008294433,102.662375040818,104.13859824975953,104.13092733267695,,,,,,,,,,,,,,,,,,,,,,,,,,,,,,,,,,,,,,,,,,,,,,,,,,,,,,,,,,,,,,,,,,,,,,,,,,,,,,,,,,,,,,,,,,,,,,,,,,,,,,,,,,,,,,,,,,,,,,,,,,,,,,,,,,,,,,,,,,,,,,,,,,,,,,,,,,,,,,,,,,,,,,,,,,,,,,,,,,,,,,,,,,,,,,,,,,,,,,,,,,,,,,,,,,,,,,,,,,,,,,,,,,,,,,,,,,,,,,,,,,,,,,,,AANNNAAA,1,Right,2026-04-13_09h55.29.614,EmoNback_Practice,,2025.1.1,60,2026-04-13 09h55.40.205851 -0500,
3,1,None,PracticeTrialsPROC,VM Stimuli/PracticeNC1.bmp,target,Target,NeutFace,0-Back,1,1,0,None,0,0,1,1,1,,,,,,,,,,,,,,,,,,,,,,,,,,,,,104.13859824975953,,,,,,,,,,,,,,,,,,,,,,,,,,,,,,,,,,,,,,,,,,,,,,,,,,,,,,,,,,,,,,,,,,,,,,,104.13655804097652,104.14662658283487,104.14662658283487,104.14662658283487,104.14662658283487,106.13043283298612,None,0,106.13144029071555,106.14573220768943,106.64626412466168,106.63682645792142,108.13905337499455,108.13097299961373,106.13458841573447,106.13458841573447,106.13458841573447,106.13458841573447,,,,,,,,,,,,,,,,,,,,,,,,,,,,,,,,,,,,,,,,,,,,,,,,,,,,,,,,,,,,,,,,,,,,,,,,,,,,,,,,,,,,,,,,,,,,,,,,,,,,,,,,,,,,,,,,,,,,,,,,,,,,,,,,,,,,,,,,,,,,,,,,,,,,,,,,,,,,,,,,,,,,,,,,,,,,,,,,,,,,,,,,,,,,,,,,,,,,,,,,,,,,,,,,,,,,,,,,,,,,,,,,,,,,,,,,,,,,,,,,,,,,AANNNAAA,1,Right,2026-04-13_09h55.29.614,EmoNback_Practice,,2025.1.1,60,2026-04-13 09h55.40.205851 -0500,
4,1,None,PracticeTrialsPROC,VM Stimuli/PracticeNC3.bmp,nontarget,Nontarget,NeutFace,0-Back,2,2,0,None,0,0,2,2,2,,,,,,,,,,,,,,,,,,,,,,,,,,,,,108.13905337499455,,,,,,,,,,,,,,,,,,,,,,,,,,,,,,,,,,,,,,,,,,,,,,,,,,,,,,,,,,,,,,,,,,,,,,,108.13698670780286,108.14891116600484,108.14891116600484,108.14891116600484,108.14891116600484,110.13699566572905,None,0,110.138031124603,110.1456702905707,110.645702582784,110.6335016656667,112.1376847079955,112.13069387478754,110.1456702905707,110.1456702905707,110.1456702905707,110.1456702905707,,,,,,,,,,,,,,,,,,,,,,,,,,,,,,,,,,,,,,,,,,,,,,,,,,,,,,,,,,,,,,,,,,,,,,,,,,,,,,,,,,,,,,,,,,,,,,,,,,,,,,,,,,,,,,,,,,,,,,,,,,,,,,,,,,,,,,,,,,,,,,,,,,,,,,,,,,,,,,,,,,,,,,,,,,,,,,,,,,,,,,,,,,,,,,,,,,,,,,,,,,,,,,,,,,,,,,,,,,,,,,,,,,,,,,,,,,,,,,,,,,,,AANNNAAA,1,Right,2026-04-13_09h55.29.614,EmoNback_Practice,,2025.1.1,60,2026-04-13 09h55.40.205851 -0500,
5,1,None,PracticeTrialsPROC,VM Stimuli/PracticeNC2.bmp,nontarget,Nontarget,NeutFace,0-Back,3,3,0,None,0,0,3,3,3,,,,,,,,,,,,,,,,,,,,,,,,,,,,,112.1376847079955,,,,,,,,,,,,,,,,,,,,,,,,,,,,,,,,,,,,,,,,,,,,,,,,,,,,,,,,,,,,,,,,,,,,,,,112.13568237470463,112.14604420773685,112.14604420773685,112.14604420773685,112.14604420773685,114.13051291555166,None,0,114.13150620786473,114.14564616559073,114.6457299576141,114.63380779093131,116.13801091583446,116.13077724957839,114.13440379081294,114.13440379081294,114.13440379081294,114.13440379081294,,,,,,,,,,,,,,,,,,,,,,,,,,,,,,,,,,,,,,,,,,,,,,,,,,,,,,,,,,,,,,,,,,,,,,,,,,,,,,,,,,,,,,,,,,,,,,,,,,,,,,,,,,,,,,,,,,,,,,,,,,,,,,,,,,,,,,,,,,,,,,,,,,,,,,,,,,,,,,,,,,,,,,,,,,,,,,,,,,,,,,,,,,,,,,,,,,,,,,,,,,,,,,,,,,,,,,,,,,,,,,,,,,,,,,,,,,,,,,,,,,,,AANNNAAA,1,Right,2026-04-13_09h55.29.614,EmoNback_Practice,,2025.1.1,60,2026-04-13 09h55.40.205851 -0500,
6,1,None,PracticeTrialsPROC,VM Stimuli/PracticeNC1.bmp,target,Target,NeutFace,0-Back,4,4,0,None,0,0,4,4,4,,,,,,,,,,,,,,,,,,,,,,,,,,,,,116.13801091583446,,,,,,,,,,,,,,,,,,,,,,,,,,,,,,,,,,,,,,,,,,,,,,,,,,,,,,,,,,,,,,,,,,,,,,,116.13575862487778,116.14603012474254,116.14603012474254,116.14603012474254,116.14603012474254,118.13052029069513,None,0,118.13157604075968,118.14562345761806,118.64565187459812,118.63333879085258,120.13431049976498,120.1308282497339,118.13450770778582,118.13450770778582,118.13450770778582,118.13450770778582,,,,,,,,,,,,,,,,,,,,,,,,,,,,,,,,,,,,,,,,,,,,,,,,,,,,,,,,,,,,,,,,,,,,,,,,,,,,,,,,,,,,,,,,,,,,,,,,,,,,,,,,,,,,,,,,,,,,,,,,,,,,,,,,,,,,,,,,,,,,,,,,,,,,,,,,,,,,,,,,,,,,,,,,,,,,,,,,,,,,,,,,,,,,,,,,,,,,,,,,,,,,,,,,,,,,,,,,,,,,,,,,,,,,,,,,,,,,,,,,,,,,AANNNAAA,1,Right,2026-04-13_09h55.29.614,EmoNback_Practice,,2025.1.1,60,2026-04-13 09h55.40.205851 -0500,
,,,,,,,,,,,,,,,,,,,,,,,,,,,,,,,,,,,,,,,,,,,,,,,,,,,,,,,,,,,,,,,,,,,,,,,,,,,,,,,,,,,,,,,,,,,,,,,,,,,,,,,,,,,,,,,,,,,,,,,,,,,,,,,,,,,,,,,120.13145358255133,120.1456213328056,120.1456213328056,129.4879144579172,space,9.339844916947186,None,,,,,,,,,,,,,,,,,,,,,,,,,,,,,,,,,,,,,,,,,,,,,,,,,,,,,,,,,,,,,,,,,,,,,,,,,,,,,,,,,,,,,,,,,,,,,,,,,,,,,,,,,,,,,,,,,,,,,,,,,,,,,,,,,,,,,,,,,,,,,,,,,,,,,,,,,,,,,,,,,,,,,,,,,,,,,,,,,,,,,,,,,,,,,,,,,,,,,,,,,,,,,,,,,,,,,,,,,,,,,,,,,,,,,,,,,,,,,AANNNAAA,1,Right,2026-04-13_09h55.29.614,EmoNback_Practice,,2025.1.1,60,2026-04-13 09h55.40.205851 -0500,
,,,,,,,,,,,,,,,,,,,,,,,,,,,,,,,,,,,,,,,,,,,,,,,,,,,,,,,,,,,,,,,,,,,,,,,,,,,,,,,,,,,,,,,,,,,,,,,,,,,,,,,,,,,,,,,,,,,,,,,,,,,,,,,,,,,,,,,,,,,,,,129.4889568327926,129.4953074157238,129.9883437906392,129.9883437906392,129.9883437906392,129.9883437906392,132.49878041585907,132.49878041585907,132.49878041585907,132.48026962485164,,,,,,,,,,,,,,,,,,,,,,,,,,,,,,,,,,,,,,,,,,,,,,,,,,,,,,,,,,,,,,,,,,,,,,,,,,,,,,,,,,,,,,,,,,,,,,,,,,,,,,,,,,,,,,,,,,,,,,,,,,,,,,,,,,,,,,,,,,,,,,,,,,,,,,,,,,,,,,,,,,,,,,,,,,,,,,,,,,,,,,,,,,,,,,,,,,,,,,,,,,,,,,,,,,,,,,,,,,,,,,,,,,,AANNNAAA,1,Right,2026-04-13_09h55.29.614,EmoNback_Practice,,2025.1.1,60,2026-04-13 09h55.40.205851 -0500,
2,1,None,PracticeTrialsPROC,VM Stimuli/Place1.bmp,target,Target,Place,0-Back,0,0,0,None,0,,,,,0,0,0,0,,,,,,,,,,,,,,,,,,,,,,,,,132.49878041585907,,,,,,,,,,,,,,,,,,,,,,,,,,,,,,,,,,,,,,,,,,,,,,,,,,,,,,,,,,,,,,,,,,,,,,,132.4936412498355,132.49878041585907,132.49878041585907,132.49878041585907,132.49878041585907,134.4867410408333,,,134.4877865407616,134.49555408256128,134.9848650000058,134.9848650000058,136.47860583290458,136.46984933270141,134.49555408256128,134.49555408256128,134.49555408256128,134.49555408256128,,,,,,,,,,,,,,,,,,None,0,,,,,,,,,,,,,,,,,,,,,,,,,,,,,,,,,,,,,,,,,,,,,,,,,,,,,,,,,,,,,,,,,,,,,,,,,,,,,,,,,,,,,,,,,,,,,,,,,,,,,,,,,,,,,,,,,,,,,,,,,,,,,,,,,,,,,,,,,,,,,,,,,,,,,,,,,,,,,,,,,,,,,,,,,,,,,,,,,,,,,,,,,,,,,,,,,,,,,,,,,,,,,,,,,,,,,,,,,,,,,,,,,AANNNAAA,1,Right,2026-04-13_09h55.29.614,EmoNback_Practice,,2025.1.1,60,2026-04-13 09h55.40.205851 -0500,
3,1,None,PracticeTrialsPROC,VM Stimuli/Place3.bmp,nontarget,Nontarget,Place,0-Back,1,1,0,None,0,,,,,0,1,1,1,,,,,,,,,,,,,,,,,,,,,,,,,136.47860583290458,,,,,,,,,,,,,,,,,,,,,,,,,,,,,,,,,,,,,,,,,,,,,,,,,,,,,,,,,,,,,,,,,,,,,,,136.47487370762974,136.48694020789117,136.48694020789117,136.48694020789117,136.48694020789117,138.48028470762074,,,138.4813264575787,138.48557966575027,138.98560645757243,138.98560645757243,140.49117041565478,140.48051391588524,138.48557966575027,138.48557966575027,138.48557966575027,138.48557966575027,,,,,,,,,,,,,,,,,,None,0,,,,,,,,,,,,,,,,,,,,,,,,,,,,,,,,,,,,,,,,,,,,,,,,,,,,,,,,,,,,,,,,,,,,,,,,,,,,,,,,,,,,,,,,,,,,,,,,,,,,,,,,,,,,,,,,,,,,,,,,,,,,,,,,,,,,,,,,,,,,,,,,,,,,,,,,,,,,,,,,,,,,,,,,,,,,,,,,,,,,,,,,,,,,,,,,,,,,,,,,,,,,,,,,,,,,,,,,,,,,,,,,,AANNNAAA,1,Right,2026-04-13_09h55.29.614,EmoNback_Practice,,2025.1.1,60,2026-04-13 09h55.40.205851 -0500,
4,1,None,PracticeTrialsPROC,VM Stimuli/Place5.bmp,nontarget,Nontarget,Place,0-Back,2,2,0,None,0,,,,,0,2,2,2,,,,,,,,,,,,,,,,,,,,,,,,,140.49117041565478,,,,,,,,,,,,,,,,,,,,,,,,,,,,,,,,,,,,,,,,,,,,,,,,,,,,,,,,,,,,,,,,,,,,,,,140.4852469158359,140.49117041565478,140.49117041565478,140.49117041565478,140.49117041565478,142.48028783267364,,,142.48128316598013,142.4855966246687,142.985471165739,142.97885470790789,144.47881041560322,144.4697707495652,142.4855966246687,142.4855966246687,142.4855966246687,142.4855966246687,,,,,,,,,,,,,,,,,,None,0,,,,,,,,,,,,,,,,,,,,,,,,,,,,,,,,,,,,,,,,,,,,,,,,,,,,,,,,,,,,,,,,,,,,,,,,,,,,,,,,,,,,,,,,,,,,,,,,,,,,,,,,,,,,,,,,,,,,,,,,,,,,,,,,,,,,,,,,,,,,,,,,,,,,,,,,,,,,,,,,,,,,,,,,,,,,,,,,,,,,,,,,,,,,,,,,,,,,,,,,,,,,,,,,,,,,,,,,,,,,,,,,,AANNNAAA,1,Right,2026-04-13_09h55.29.614,EmoNback_Practice,,2025.1.1,60,2026-04-13 09h55.40.205851 -0500,
5,1,None,PracticeTrialsPROC,VM Stimuli/Place1.bmp,target,Target,Place,0-Back,3,3,0,None,0,,,,,0,3,3,3,,,,,,,,,,,,,,,,,,,,,,,,,144.47881041560322,,,,,,,,,,,,,,,,,,,,,,,,,,,,,,,,,,,,,,,,,,,,,,,,,,,,,,,,,,,,,,,,,,,,,,,144.47366016590968,144.48720741597936,144.48720741597936,144.48720741597936,144.48720741597936,146.48035999992862,,,146.48155324999243,146.48602137481794,146.98490295791999,146.98490295791999,148.47874824982136,148.4700639997609,146.48602137481794,146.48602137481794,146.48602137481794,146.48602137481794,,,,,,,,,,,,,,,,,,None,0,,,,,,,,,,,,,,,,,,,,,,,,,,,,,,,,,,,,,,,,,,,,,,,,,,,,,,,,,,,,,,,,,,,,,,,,,,,,,,,,,,,,,,,,,,,,,,,,,,,,,,,,,,,,,,,,,,,,,,,,,,,,,,,,,,,,,,,,,,,,,,,,,,,,,,,,,,,,,,,,,,,,,,,,,,,,,,,,,,,,,,,,,,,,,,,,,,,,,,,,,,,,,,,,,,,,,,,,,,,,,,,,,AANNNAAA,1,Right,2026-04-13_09h55.29.614,EmoNback_Practice,,2025.1.1,60,2026-04-13 09h55.40.205851 -0500,
6,1,None,PracticeTrialsPROC,VM Stimuli/Place3.bmp,nontarget,Nontarget,Place,0-Back,4,4,0,None,0,,,,,0,4,4,4,,,,,,,,,,,,,,,,,,,,,,,,,148.47874824982136,,,,,,,,,,,,,,,,,,,,,,,,,,,,,,,,,,,,,,,,,,,,,,,,,,,,,,,,,,,,,,,,,,,,,,,148.4725685827434,148.4870282909833,148.4870282909833,148.4870282909833,148.4870282909833,150.48034349968657,,,150.4813772905618,150.4856827496551,150.98491066601127,150.98491066601127,152.47879329090938,152.46994845755398,150.4856827496551,150.4856827496551,150.4856827496551,150.4856827496551,,,,,,,,,,,,,,,,,,None,0,,,,,,,,,,,,,,,,,,,,,,,,,,,,,,,,,,,,,,,,,,,,,,,,,,,,,,,,,,,,,,,,,,,,,,,,,,,,,,,,,,,,,,,,,,,,,,,,,,,,,,,,,,,,,,,,,,,,,,,,,,,,,,,,,,,,,,,,,,,,,,,,,,,,,,,,,,,,,,,,,,,,,,,,,,,,,,,,,,,,,,,,,,,,,,,,,,,,,,,,,,,,,,,,,,,,,,,,,,,,,,,,,AANNNAAA,1,Right,2026-04-13_09h55.29.614,EmoNback_Practice,,2025.1.1,60,2026-04-13 09h55.40.205851 -0500,
,,,,,,,,,,,,,,,,,,,,,,,,,,,,,,,,,,,,,,,,,,,,,,,,,,,,,,,,,,,,,,,,,,,,,,,,,,,,,,,,,,,,,,,,,,,,,,,,,,,,,,,,,,,,,,,,,,,,,,,,,,,,,,,,,,,,,,,152.47048841556534,152.48540716571733,152.48540716571733,160.24746537487954,space,7.758839541580528,None,,,,,,,,,,,,,,,,,,,,,,,,,,,,,,,,,,,,,,,,,,,,,,,,,,,,,,,,,,,,,,,,,,,,,,,,,,,,,,,,,,,,,,,,,,,,,,,,,,,,,,,,,,,,,,,,,,,,,,,,,,,,,,,,,,,,,,,,,,,,,,,,,,,,,,,,,,,,,,,,,,,,,,,,,,,,,,,,,,,,,,,,,,,,,,,,,,,,,,,,,,,,,,,,,,,,,,,,,,,,,,,,,,,,,,,,,,,,,AANNNAAA,1,Right,2026-04-13_09h55.29.614,EmoNback_Practice,,2025.1.1,60,2026-04-13 09h55.40.205851 -0500,
,,,,,,,,,,,,,,,,,,,,,,,,,,,,,,,,,,,,,,,,,,,,,,,,,,,,,,,,,,,,,,,,,,,,,,,,,,,,,,,,,,,,,,,,,,,,,,,,,,,,,,,,,,,,,,,,,,,,,,,,,,,,,,,,,,,,,,,,,,,,,,,,,,,,,,,,,,160.2501072497107,160.258728957735,160.258728957735,173.3481519576162,space,13.080352125223726,None,,,,,,,,,,,,,,,,,,,,,,,,,,,,,,,,,,,,,,,,,,,,,,,,,,,,,,,,,,,,,,,,,,,,,,,,,,,,,,,,,,,,,,,,,,,,,,,,,,,,,,,,,,,,,,,,,,,,,,,,,,,,,,,,,,,,,,,,,,,,,,,,,,,,,,,,,,,,,,,,,,,,,,,,,,,,,,,,,,,,,,,,,,,,,,,,,,,,,,,,,,,,,,,,,,,,,,,,,,AANNNAAA,1,Right,2026-04-13_09h55.29.614,EmoNback_Practice,,2025.1.1,60,2026-04-13 09h55.40.205851 -0500,
,,,,,,,,,,,,,,,,,,,,,,,,,,,,,,,,,,,,,,,,,,,,,,,,,,,,,,,,,,,,,,,,,,,,,,,,,,,,,,,,,,,,,,,,,,,,,,,,,,,,,,,,,,,,,,,,,,,,,,,,,,,,,,,,,,,,,,,,,,,,,,,,,,,,,,,,,,,,,,,,,173.3569457079284,173.36907824967057,173.36907824967057,173.36907824967057,173.36907824967057,173.36907824967057,173.36907824967057,187.63823333289474,space,14.268377874977887,None,,,,,,,,,,,,,,,,,,,,,,,,,,,,,,,,,,,,,,,,,,,,,,,,,,,,,,,,,,,,,,,,,,,,,,,,,,,,,,,,,,,,,,,,,,,,,,,,,,,,,,,,,,,,,,,,,,,,,,,,,,,,,,,,,,,,,,,,,,,,,,,,,,,,,,,,,,,,,,,,,,,,,,,,,,,,,,,,,,,,,,,,,,,,,,,,,,,,,,,,,,,,,,,AANNNAAA,1,Right,2026-04-13_09h55.29.614,EmoNback_Practice,,2025.1.1,60,2026-04-13 09h55.40.205851 -0500,
,,,,,,,,,,,,,,,,,,,,,,,,,,,,,,,,,,,,,,,,,,,,,,,,,,,,,,,,,,,,,,,,,,,,,,,,,,,,,,,,,,,,,,,,,,,,,,,,,,,,,,,,,,,,,,,,,,,,,,,,,,,,,,,,,,,,,,,,,,,,,,,,,,,,,,,,,,,,,,,,,,,,,,,,,,,,187.64578883256763,187.65497920755297,187.65497920755297,187.65497920755297,187.65497920755297,187.65497920755297,187.65497920755297,203.50410758284852,space,15.843182333279401,None,,,,,,,,,,,,,,,,,,,,,,,,,,,,,,,,,,,,,,,,,,,,,,,,,,,,,,,,,,,,,,,,,,,,,,,,,,,,,,,,,,,,,,,,,,,,,,,,,,,,,,,,,,,,,,,,,,,,,,,,,,,,,,,,,,,,,,,,,,,,,,,,,,,,,,,,,,,,,,,,,,,,,,,,,,,,,,,,,,,,,,,,,,,,,,,,,,,,AANNNAAA,1,Right,2026-04-13_09h55.29.614,EmoNback_Practice,,2025.1.1,60,2026-04-13 09h55.40.205851 -0500,
,,,,,,,,,,,,,,,,,,,,,,,,,,,,,,,,,,,,,,,,,,,,,,,,,,,,,,,,,,,,,,,,,,,,,,,,,,,,,,,,,,,,,,,,,,,,,,,,,,,,,,,,,,,,,,,,,,,,,,,,,,,,,,,,,,,,,,,,,,,,,,,,,,,,,,,,,,,,,,,,,,,,,,,,,,,,,,,,,,,,,,,203.50978924985975,203.51995558291674,203.51995558291674,203.51995558291674,203.51995558291674,203.51995558291674,203.51995558291674,203.51995558291674,203.51995558291674,211.82050945796072,space,8.293404083233327,None,,,,,,,,,,,,,,,,,,,,,,,,,,,,,,,,,,,,,,,,,,,,,,,,,,,,,,,,,,,,,,,,,,,,,,,,,,,,,,,,,,,,,,,,,,,,,,,,,,,,,,,,,,,,,,,,,,,,,,,,,,,,,,,,,,,,,,,,,,,,,,,,,,,,,,,,,,,,,,,,,,,,,,,,,,,,,,,,,,,,,,,AANNNAAA,1,Right,2026-04-13_09h55.29.614,EmoNback_Practice,,2025.1.1,60,2026-04-13 09h55.40.205851 -0500,
,,,,,,,,,,,,,,,,,,,,,,,,,,,,,,,,,,,,,,,,,,,,,,,,,,,,,,,,,,,,,,,,,,,,,,,,,,,,,,,,,,,,,,,,,,,,,,,,,,,,,,,,,,,,,,,,,,,,,,,,,,,,,,,,,,,,,,,,,,,,,,,,,,,,,,,,,,,,,,,,,,,,,,,,,,,,,,,,,,,,,,,,,,,,,,,,,,,,211.82445237459615,211.83412637468427,211.83412637468427,211.83412637468427,211.83412637468427,211.83412637468427,211.83412637468427,211.83412637468427,222.59665416600183,space,10.755986083764583,None,,,,,,,,,,,,,,,,,,,,,,,,,,,,,,,,,,,,,,,,,,,,,,,,,,,,,,,,,,,,,,,,,,,,,,,,,,,,,,,,,,,,,,,,,,,,,,,,,,,,,,,,,,,,,,,,,,,,,,,,,,,,,,,,,,,,,,,,,,,,,,,,,,,,,,,,,,,,,,,,,,,,,,,,,,,AANNNAAA,1,Right,2026-04-13_09h55.29.614,EmoNback_Practice,,2025.1.1,60,2026-04-13 09h55.40.205851 -0500,
,,,,,,,,,,,,,,,,,,,,,,,,,,,,,,,,,,,,,,,,,,,,,,,,,,,,,,,,,,,,,,,,,,,,,,,,,,,,,,,,,,,,,,,,,,,,,,,,,,,,,,,,,,,,,,,,,,,,,,,,,,,,,,,,,,,,,,,,,,,,,,,,,,,,,,,,,,,,,,,,,,,,,,,,,,,,,,,,,,,,,,,,,,,,,,,,,,,,,,,,,,,,,,,,222.59718237491325,222.60343487467617,222.60343487467617,223.4304766249843,space,0.8220092500559986,None,,,,,,,,,,,,,,,,,,,,,,,,,,,,,,,,,,,,,,,,,,,,,,,,,,,,,,,,,,,,,,,,,,,,,,,,,,,,,,,,,,,,,,,,,,,,,,,,,,,,,,,,,,,,,,,,,,,,,,,,,,,,,,,,,,,,,,,,,,,,,,,,,,,,,,,,,,,,,,,,,,,,AANNNAAA,1,Right,2026-04-13_09h55.29.614,EmoNback_Practice,,2025.1.1,60,2026-04-13 09h55.40.205851 -0500,
,,,,,,,,,,,,,,,,,,,,,,,,,,,,,,,,,,,,,,,,,,,,,,,,,,,,,,,,,,,,,,,,,,,,,,,,,,,,,,,,,,,,,,,,,,,,,,,,,,,,,,,,,,,,,,,,,,,,,,,,,,,,,,,,,,,,,,,,,,,,,,,,,,,,,,,,,,,,,,,,,,,,,,,,,,,,,,,,,,,,,,,,,,,,,,,,,,,,,,,,,,,,,,,,,,,,,,,223.43194537470117,223.44373166561127,223.44373166561127,223.44373166561127,223.44373166561127,223.44373166561127,227.26333604101092,space,3.804354208987206,None,,,,,,,,,,,,,,,,,,,,,,,,,,,,,,,,,,,,,,,,,,,,,,,,,,,,,,,,,,,,,,,,,,,,,,,,,,,,,,,,,,,,,,,,,,,,,,,,,,,,,,,,,,,,,,,,,,,,,,,,,,,,,,,,,,,,,,,,,,,,,,,,,,,,,,,,,,AANNNAAA,1,Right,2026-04-13_09h55.29.614,EmoNback_Practice,,2025.1.1,60,2026-04-13 09h55.40.205851 -0500,
,,,,,,,,,,,,,,,,,,,,,,,,,,,,,,,,,,,,,,,,,,,,,,,,,,,,,,,,,,,,,,,,,,,,,,,,,,,,,,,,,,,,,,,,,,,,,,,,,,,,,,,,,,,,,,,,,,,,,,,,,,,,,,,,,,,,,,,,,,,,,,,,,,,,,,,,,,,,,,,,,,,,,,,,,,,,,,,,,,,,,,,,,,,,,,,,,,,,,,,,,,,,,,,,,,,,,,,,,,,,,,,,,227.2694254158996,227.28534462489188,227.28534462489188,227.28534462489188,227.28534462489188,227.28534462489188,230.75389929069206,space,3.461230000015348,None,,,,,,,,,,,,,,,,,,,,,,,,,,,,,,,,,,,,,,,,,,,,,,,,,,,,,,,,,,,,,,,,,,,,,,,,,,,,,,,,,,,,,,,,,,,,,,,,,,,,,,,,,,,,,,,,,,,,,,,,,,,,,,,,,,,,,,,,,,,,,,,,AANNNAAA,1,Right,2026-04-13_09h55.29.614,EmoNback_Practice,,2025.1.1,60,2026-04-13 09h55.40.205851 -0500,
,,,,,,,,,,,,,,,,,,,,,,,,,,,,,,,,,,,,,,,,,,,,,,,,,,,,,,,,,,,,,,,,,,,,,,,,,,,,,,,,,,,,,,,,,,,,,,,,,,,,,,,,,,,,,,,,,,,,,,,,,,,,,,,,,,,,,,,,,,,,,,,,,,,,,,,,,,,,,,,,,,,,,,,,,,,,,,,,,,,,,,,,,,,,,,,,,,,,,,,,,,,,,,,,,,,,,,,,,,,,,,,,,,,,,,,,,,,230.75510266562924,230.76506958296522,230.76506958296522,230.76506958296522,230.76506958296522,230.76506958296522,233.5631602499634,space,2.7942032497376204,None,,,,,,,,,,,,,,,,,,,,,,,,,,,,,,,,,,,,,,,,,,,,,,,,,,,,,,,,,,,,,,,,,,,,,,,,,,,,,,,,,,,,,,,,,,,,,,,,,,,,,,,,,,,,,,,,,,,,,,,,,,,,,,,,,,,,,,AANNNAAA,1,Right,2026-04-13_09h55.29.614,EmoNback_Practice,,2025.1.1,60,2026-04-13 09h55.40.205851 -0500,
,,,,,,,,,,,,,,,,,,,,,,,,,,,,,,,,,,,,,,,,,,,,,,,,,,,,,,,,,,,,,,,,,,,,,,,,,,,,,,,,,,,,,,,,,,,,,,,,,,,,,,,,,,,,,,,,,,,,,,,,,,,,,,,,,,,,,,,,,,,,,,,,,,,,,,,,,,,,,,,,,,,,,,,,,,,,,,,,,,,,,,,,,,,,,,,,,,,,,,,,,,,,,,,,,,,,,,,,,,,,,,,,,,,,,,,,,,,,,,,,,,,,,233.56455970788375,233.57533145789057,233.57533145789057,233.57533145789057,233.57533145789057,233.57533145789057,233.57533145789057,238.37027650000528,space,4.787381459027529,None,,,,,,,,,,,,,,,,,,,,,,,,,,,,,,,,,,,,,,,,,,,,,,,,,,,,,,,,,,,,,,,,,,,,,,,,,,,,,,,,,,,,,,,,,,,,,,,,,,,,,,,,,,,,,,,,,,,,,,,,,,,AANNNAAA,1,Right,2026-04-13_09h55.29.614,EmoNback_Practice,,2025.1.1,60,2026-04-13 09h55.40.205851 -0500,
,,,,,,,,,,,,,,,,,,,,,,,,,,,,,,,,,,,,,,,,,,,,,,,,,,,,,,,,,,,,,,,,,,,,,,,,,,,,,,,,,,,,,,,,,,,,,,,,,,,,,,,,,,,,,,,,,,,,,,,,,,,,,,,,,,,,,,,,,,,,,,,,,,,,,,,,,,,,,,,,,,,,,,,,,,,,,,,,,,,,,,,,,,,,,,,,,,,,,,,,,,,,,,,,,,,,,,,,,,,,,,,,,,,,,,,,,,,,,,,,,,,,,,,,,,,,,,,,238.37144804093987,238.38159891590476,238.38159891590476,238.38159891590476,238.38159891590476,238.38159891590476,242.9707286655903,space,4.582523125223815,None,,,,,,,,,,,,,,,,,,,,,,,,,,,,,,,,,,,,,,,,,,,,,,,,,,,,,,,,,,,,,,,,,,,,,,,,,,,,,,,,,,,,,,,,,,,,,,,,,,,,,,,,,,,,,,,,,AANNNAAA,1,Right,2026-04-13_09h55.29.614,EmoNback_Practice,,2025.1.1,60,2026-04-13 09h55.40.205851 -0500,
,,,,,,,,,,,,,,,,,,,,,,,,,,,,,,,,,,,,,,,,,,,,,,,,,,,,,,,,,,,,,,,,,,,,,,,,,,,,,,,,,,,,,,,,,,,,,,,,,,,,,,,,,,,,,,,,,,,,,,,,,,,,,,,,,,,,,,,,,,,,,,,,,,,,,,,,,,,,,,,,,,,,,,,,,,,,,,,,,,,,,,,,,,,,,,,,,,,,,,,,,,,,,,,,,,,,,,,,,,,,,,,,,,,,,,,,,,,,,,,,,,,,,,,,,,,,,,,,,,,,,,,,,,242.97244520764798,242.98270966578275,242.98270966578275,242.98270966578275,242.98270966578275,242.98270966578275,242.98270966578275,242.98270966578275,252.92970958258957,space,9.937435041647404,None,,,,,,,,,,,,,,,,,,,,,,,,,,,,,,,,,,,,,,,,,,,,,,,,,,,,,,,,,,,,,,,,,,,,,,,,,,,,,,,,,,,,,,,,,,,,,,,,,,,,,AANNNAAA,1,Right,2026-04-13_09h55.29.614,EmoNback_Practice,,2025.1.1,60,2026-04-13 09h55.40.205851 -0500,
,,,,,,,,,,,,,,,,,,,,,,,,,,,,,,,,,,,,,,,,,,,,,,,,,,,,,,,,,,,,,,,,,,,,,,,,,,,,,,,,,,,,,,,,,,,,,,,,,,,,,,,,,,,,,,,,,,,,,,,,,,,,,,,,,,,,,,,,,,,,,,,,,,,,,,,,,,,,,,,,,,,,,,,,,,,,,,,,,,,,,,,,,,,,,,,,,,,,,,,,,,,,,,,,,,,,,,,,,,,,,,,,,,,,,,,,,,,,,,,,,,,,,,,,,,,,,,,,,,,,,,,,,,,,,,,,,,,,,,252.9307652497664,252.9394959998317,252.9394959998317,252.9394959998317,252.9394959998317,252.9394959998317,255.6460614996031,space,2.702048833016306,None,,,,,,,,,,,,,,,,,,,,,,,,,,,,,,,,,,,,,,,,,,,,,,,,,,,,,,,,,,,,,,,,,,,,,,,,,,,,,,,,,,,,,,,,,,,AANNNAAA,1,Right,2026-04-13_09h55.29.614,EmoNback_Practice,,2025.1.1,60,2026-04-13 09h55.40.205851 -0500,
,,,,,,,,,,,,,,,,,,,,,,,,,,,,,,,,,,,,,,,,,,,,,,,,,,,,,,,,,,,,,,,,,,,,,,,,,,,,,,,,,,,,,,,,,,,,,,,,,,,,,,,,,,,,,,,,,,,,,,,,,,,,,,,,,,,,,,,,,,,,,,,,,,,,,,,,,,,,,,,,,,,,,,,,,,,,,,,,,,,,,,,,,,,,,,,,,,,,,,,,,,,,,,,,,,,,,,,,,,,,,,,,,,,,,,,,,,,,,,,,,,,,,,,,,,,,,,,,,,,,,,,,,,,,,,,,,,,,,,,,,,,,,,,,255.64770566578954,255.65854108287022,255.65854108287022,255.65854108287022,255.65854108287022,255.65854108287022,255.65854108287022,255.65854108287022,255.65854108287022,261.6205467907712,space,5.957419207785279,None,,,,,,,,,,,,,,,,,,,,,,,,,,,,,,,,,,,,,,,,,,,,,,,,,,,,,,,,,,,,,,,,,,,,,,,,,,,,,,AANNNAAA,1,Right,2026-04-13_09h55.29.614,EmoNback_Practice,,2025.1.1,60,2026-04-13 09h55.40.205851 -0500,
,,,,,,,,,,,,,,,,,,,,,,,,,,,,,,,,,,,,,,,,,,,,,,,,,,,,,,,,,,,,,,,,,,,,,,,,,,,,,,,,,,,,,,,,,,,,,,,,,,,,,,,,,,,,,,,,,,,,,,,,,,,,,,,,,,,,,,,,,,,,,,,,,,,,,,,,,,,,,,,,,,,,,,,,,,,,,,,,,,,,,,,,,,,,,,,,,,,,,,,,,,,,,,,,,,,,,,,,,,,,,,,,,,,,,,,,,,,,,,,,,,,,,,,,,,,,,,,,,,,,,,,,,,,,,,,,,,,,,,,,,,,,,,,,,,,,,,,,,,,,,261.6235302905552,261.6304859998636,261.6304859998636,265.5632397909649,space,3.923332874663174,None,,,,,,,,,,,,,,,,,,,,,,,,,,,,,,,,,,,,,,,,,,,,,,,,,,,,,,,,,,,,,,,,,,,,,,,AANNNAAA,1,Right,2026-04-13_09h55.29.614,EmoNback_Practice,,2025.1.1,60,2026-04-13 09h55.40.205851 -0500,
,,,,,,,,,,,,,,,,,,,,,,,,,,,,,,,,,,,,,,,,,,,,,,,,,,,,,,,,,,,,,,,,,,,,,,,,,,,,,,,,,,,,,,,,,,,,,,,,,,,,,,,,,,,,,,,,,,,,,,,,,,,,,,,,,,,,,,,,,,,,,,,,,,,,,,,,,,,,,,,,,,,,,,,,,,,,,,,,,,,,,,,,,,,,,,,,,,,,,,,,,,,,,,,,,,,,,,,,,,,,,,,,,,,,,,,,,,,,,,,,,,,,,,,,,,,,,,,,,,,,,,,,,,,,,,,,,,,,,,,,,,,,,,,,,,,,,,,,,,,,,,,,,,,,265.5637395000085,265.5705701657571,265.5705701657571,266.3030384159647,space,0.727917707990855,None,,,,,,,,,,,,,,,,,,,,,,,,,,,,,,,,,,,,,,,,,,,,,,,,,,,,,,,,,,,,,,,,AANNNAAA,1,Right,2026-04-13_09h55.29.614,EmoNback_Practice,,2025.1.1,60,2026-04-13 09h55.40.205851 -0500,
1,1,None,PracticeTrialsPROC,VM Stimuli/PracticeFO2.bmp,nontarget,Nontarget,NegFace,2-Back,0,0,0,None,0,,,,,,,,,0,0,0,0,,,,,,,,,,,,,,,,,,,,,266.32920170761645,,,,,,,,,,,,,,,,,,,,,,,,,,,,,,,,,,,,,,,,,,,,,,,,,,,,,,,,,,,,,,,,,,,,,,,266.32168412487954,266.32920170761645,266.32920170761645,266.32920170761645,266.32920170761645,268.3124639997259,,,268.31370283290744,268.31812800001353,268.8027069577947,268.8110887077637,270.3074666247703,270.296213040594,,,,,,,,,,,,,,,,,,,,,,,,,,,,,,,,,,,,,,,,,,,,,,,,,,,,,,,,,,,,,,,,,,,,,,,,,,,,,,,,,,,,,,,,,,,,,,,,,,,,,,,,,,,,,,,,,,,,,,,,,,,,,,,,,,,,,,,,,,,,,,,,,,,,,,,,,,,,,,,,,,,,,,,,,,,,,,,,,,,,,,,,,None,0,,,,,,,,,,,,,,,,,,,,,,,,,,,,,,,,,,,,,,,,,,,,,,,,,,,,,,,,,,,,,,AANNNAAA,1,Right,2026-04-13_09h55.29.614,EmoNback_Practice,,2025.1.1,60,2026-04-13 09h55.40.205851 -0500,
2,1,None,PracticeTrialsPROC,VM Stimuli/PracticeFO4.bmp,nontarget,Nontarget,NegFace,2-Back,1,1,0,None,0,,,,,,,,,0,1,1,1,,,,,,,,,,,,,,,,,,,,,270.3074666247703,,,,,,,,,,,,,,,,,,,,,,,,,,,,,,,,,,,,,,,,,,,,,,,,,,,,,,,,,,,,,,,,,,,,,,,270.3016419997439,270.3074666247703,270.3074666247703,270.3074666247703,270.3074666247703,272.2957689575851,,,272.296770832967,272.30109641561285,272.8009807500057,272.7943687075749,274.3062596656382,274.296468290966,272.30109641561285,272.30109641561285,272.30109641561285,272.30109641561285,,,,,,,,,,,,,,,,,,,,,,,,,,,,,,,,,,,,,,,,,,,,,,,,,,,,,,,,,,,,,,,,,,,,,,,,,,,,,,,,,,,,,,,,,,,,,,,,,,,,,,,,,,,,,,,,,,,,,,,,,,,,,,,,,,,,,,,,,,,,,,,,,,,,,,,,,,,,,,,,,,,,,,,,,,,,,,,,,,,,,None,0,,,,,,,,,,,,,,,,,,,,,,,,,,,,,,,,,,,,,,,,,,,,,,,,,,,,,,,,,,,,,,AANNNAAA,1,Right,2026-04-13_09h55.29.614,EmoNback_Practice,,2025.1.1,60,2026-04-13 09h55.40.205851 -0500,
3,1,None,PracticeTrialsPROC,VM Stimuli/PracticeFO2.bmp,target,Target,NegFace,2-Back,2,2,0,None,0,,,,,,,,,0,2,2,2,,,,,,,,,,,,,,,,,,,,,274.3062596656382,,,,,,,,,,,,,,,,,,,,,,,,,,,,,,,,,,,,,,,,,,,,,,,,,,,,,,,,,,,,,,,,,,,,,,,274.300930082798,274.3062596656382,274.3062596656382,274.3062596656382,274.3062596656382,276.2957721250132,,,276.29680195776746,276.30108295800164,276.8011387498118,276.79447699990124,278.2943325829692,278.2851556655951,276.30108295800164,276.30108295800164,276.30108295800164,276.30108295800164,,,,,,,,,,,,,,,,,,,,,,,,,,,,,,,,,,,,,,,,,,,,,,,,,,,,,,,,,,,,,,,,,,,,,,,,,,,,,,,,,,,,,,,,,,,,,,,,,,,,,,,,,,,,,,,,,,,,,,,,,,,,,,,,,,,,,,,,,,,,,,,,,,,,,,,,,,,,,,,,,,,,,,,,,,,,,,,,,,,,,None,0,,,,,,,,,,,,,,,,,,,,,,,,,,,,,,,,,,,,,,,,,,,,,,,,,,,,,,,,,,,,,,AANNNAAA,1,Right,2026-04-13_09h55.29.614,EmoNback_Practice,,2025.1.1,60,2026-04-13 09h55.40.205851 -0500,
4,1,None,PracticeTrialsPROC,VM Stimuli/PracticeFO4.bmp,target,Target,NegFace,2-Back,3,3,0,None,0,,,,,,,,,0,3,3,3,,,,,,,,,,,,,,,,,,,,,278.2943325829692,,,,,,,,,,,,,,,,,,,,,,,,,,,,,,,,,,,,,,,,,,,,,,,,,,,,,,,,,,,,,,,,,,,,,,,278.28811274981126,278.3024952500127,278.3024952500127,278.3024952500127,278.3024952500127,280.2957534575835,,,280.29675870761275,280.30102612497285,280.8010032498278,280.8010032498278,282.29403058299795,282.2853491245769,280.30102612497285,280.30102612497285,280.30102612497285,280.30102612497285,,,,,,,,,,,,,,,,,,,,,,,,,,,,,,,,,,,,,,,,,,,,,,,,,,,,,,,,,,,,,,,,,,,,,,,,,,,,,,,,,,,,,,,,,,,,,,,,,,,,,,,,,,,,,,,,,,,,,,,,,,,,,,,,,,,,,,,,,,,,,,,,,,,,,,,,,,,,,,,,,,,,,,,,,,,,,,,,,,,,,None,0,,,,,,,,,,,,,,,,,,,,,,,,,,,,,,,,,,,,,,,,,,,,,,,,,,,,,,,,,,,,,,AANNNAAA,1,Right,2026-04-13_09h55.29.614,EmoNback_Practice,,2025.1.1,60,2026-04-13 09h55.40.205851 -0500,
5,1,None,PracticeTrialsPROC,VM Stimuli/PracticeFO1.bmp,nontarget,Nontarget,NegFace,2-Back,4,4,0,None,0,,,,,,,,,0,4,4,4,,,,,,,,,,,,,,,,,,,,,282.29403058299795,,,,,,,,,,,,,,,,,,,,,,,,,,,,,,,,,,,,,,,,,,,,,,,,,,,,,,,,,,,,,,,,,,,,,,,282.29104391578585,282.3021443327889,282.3021443327889,282.3021443327889,282.3021443327889,284.2957937079482,,,284.2968118749559,284.301198665984,284.8009087909013,284.8009087909013,286.29832491558045,286.2910916246474,284.301198665984,284.301198665984,284.301198665984,284.301198665984,,,,,,,,,,,,,,,,,,,,,,,,,,,,,,,,,,,,,,,,,,,,,,,,,,,,,,,,,,,,,,,,,,,,,,,,,,,,,,,,,,,,,,,,,,,,,,,,,,,,,,,,,,,,,,,,,,,,,,,,,,,,,,,,,,,,,,,,,,,,,,,,,,,,,,,,,,,,,,,,,,,,,,,,,,,,,,,,,,,,,None,0,,,,,,,,,,,,,,,,,,,,,,,,,,,,,,,,,,,,,,,,,,,,,,,,,,,,,,,,,,,,,,AANNNAAA,1,Right,2026-04-13_09h55.29.614,EmoNback_Practice,,2025.1.1,60,2026-04-13 09h55.40.205851 -0500,
,,,,,,,,,,,,,,,,,,,,,,,,,,,,,,,,,,,,,,,,,,,,,,,,,,,,,,,,,,,,,,,,,,,,,,,,,,,,,,,,,,,,,,,,,,,,,,,,,,,,,,,,,,,,,,,,,,,,,,,,,,,,,,,,,,,,,,,286.2938332078047,286.31541012460366,286.31541012460366,293.68087804084644,space,7.362894750200212,None,,,,,,,,,,,,,,,,,,,,,,,,,,,,,,,,,,,,,,,,,,,,,,,,,,,,,,,,,,,,,,,,,,,,,,,,,,,,,,,,,,,,,,,,,,,,,,,,,,,,,,,,,,,,,,,,,,,,,,,,,,,,,,,,,,,,,,,,,,,,,,,,,,,,,,,,,,,,,,,,,,,,,,,,,,,,,,,,,,,,,,,,,,,,,,,,,,,,,,,,,,,,,,,,,,,,,,,,,,,,,,,,,,,,,,,,,,,,,AANNNAAA,1,Right,2026-04-13_09h55.29.614,EmoNback_Practice,,2025.1.1,60,2026-04-13 09h55.40.205851 -0500,
1,1,None,PracticeTrialsPROC,VM Stimuli/Place1.bmp,nontarget,Nontarget,Place,2-Back,0,0,0,None,0,,,,,,,,,,,,,0,0,0,0,,,,,,,,,,,,,,,,,293.7037967075594,,,,,,,,,,,,,,,,,,,,,,,,,,,,,,,,,,,,,,,,,,,,,,,,,,,,,,,,,,,,,,,,,,,,,,,293.6957620829344,293.7037967075594,293.7037967075594,293.7037967075594,293.7037967075594,295.68698462471366,,,295.6882302076556,295.6939102499746,296.1774452077225,296.1834511249326,297.6697958325967,297.66273024957627,,,,,,,,,,,,,,,,,,,,,,,,,,,,,,,,,,,,,,,,,,,,,,,,,,,,,,,,,,,,,,,,,,,,,,,,,,,,,,,,,,,,,,,,,,,,,,,,,,,,,,,,,,,,,,,,,,,,,,,,,,,,,,,,,,,,,,,,,,,,,,,,,,,,,,,,,,,,,,,,,,,,,,,,,,,,,,,,,,,,,,,,,,,None,0,,,,,,,,,,,,,,,,,,,,,,,,,,,,,,,,,,,,,,,,,,,,,,,,,,,,,,,,,,,,AANNNAAA,1,Right,2026-04-13_09h55.29.614,EmoNback_Practice,,2025.1.1,60,2026-04-13 09h55.40.205851 -0500,
2,1,None,PracticeTrialsPROC,VM Stimuli/Place5.bmp,nontarget,Nontarget,Place,2-Back,1,1,0,None,0,,,,,,,,,,,,,0,1,1,1,,,,,,,,,,,,,,,,,297.6697958325967,,,,,,,,,,,,,,,,,,,,,,,,,,,,,,,,,,,,,,,,,,,,,,,,,,,,,,,,,,,,,,,,,,,,,,,297.6676278747618,297.6780596249737,297.6780596249737,297.6780596249737,297.6780596249737,299.6623859577812,,,299.6634052498266,299.67742308275774,300.17747999960557,300.16575529100373,301.66717254091054,301.66258441563696,299.66655462468043,299.66655462468043,299.66655462468043,299.66655462468043,,,,,,,,,,,,,,,,,,,,,,,,,,,,,,,,,,,,,,,,,,,,,,,,,,,,,,,,,,,,,,,,,,,,,,,,,,,,,,,,,,,,,,,,,,,,,,,,,,,,,,,,,,,,,,,,,,,,,,,,,,,,,,,,,,,,,,,,,,,,,,,,,,,,,,,,,,,,,,,,,,,,,,,,,,,,,,,,,,,,,,,None,0,,,,,,,,,,,,,,,,,,,,,,,,,,,,,,,,,,,,,,,,,,,,,,,,,,,,,,,,,,,,AANNNAAA,1,Right,2026-04-13_09h55.29.614,EmoNback_Practice,,2025.1.1,60,2026-04-13 09h55.40.205851 -0500,
3,1,None,PracticeTrialsPROC,VM Stimuli/Place1.bmp,target,Target,Place,2-Back,2,2,0,None,0,,,,,,,,,,,,,0,2,2,2,,,,,,,,,,,,,,,,,301.66717254091054,,,,,,,,,,,,,,,,,,,,,,,,,,,,,,,,,,,,,,,,,,,,,,,,,,,,,,,,,,,,,,,,,,,,,,,301.66516533261165,301.67737520765513,301.67737520765513,301.67737520765513,301.67737520765513,303.66214391589165,,,303.66314199985936,303.6773961656727,304.1773947076872,304.16546337492764,305.67004808271304,305.6626279158518,303.6659280406311,303.6659280406311,303.6659280406311,303.6659280406311,,,,,,,,,,,,,,,,,,,,,,,,,,,,,,,,,,,,,,,,,,,,,,,,,,,,,,,,,,,,,,,,,,,,,,,,,,,,,,,,,,,,,,,,,,,,,,,,,,,,,,,,,,,,,,,,,,,,,,,,,,,,,,,,,,,,,,,,,,,,,,,,,,,,,,,,,,,,,,,,,,,,,,,,,,,,,,,,,,,,,,,None,0,,,,,,,,,,,,,,,,,,,,,,,,,,,,,,,,,,,,,,,,,,,,,,,,,,,,,,,,,,,,AANNNAAA,1,Right,2026-04-13_09h55.29.614,EmoNback_Practice,,2025.1.1,60,2026-04-13 09h55.40.205851 -0500,
4,1,None,PracticeTrialsPROC,VM Stimuli/Place6.bmp,nontarget,Nontarget,Place,2-Back,3,3,0,None,0,,,,,,,,,,,,,0,3,3,3,,,,,,,,,,,,,,,,,305.67004808271304,,,,,,,,,,,,,,,,,,,,,,,,,,,,,,,,,,,,,,,,,,,,,,,,,,,,,,,,,,,,,,,,,,,,,,,305.6678272909485,305.6782349576242,305.6782349576242,305.6782349576242,305.6782349576242,307.6621210826561,,,307.66311083268374,307.67738516582176,308.1773808328435,308.1652617077343,309.66661783261225,309.66234749974683,307.6659775408916,307.6659775408916,307.6659775408916,307.6659775408916,,,,,,,,,,,,,,,,,,,,,,,,,,,,,,,,,,,,,,,,,,,,,,,,,,,,,,,,,,,,,,,,,,,,,,,,,,,,,,,,,,,,,,,,,,,,,,,,,,,,,,,,,,,,,,,,,,,,,,,,,,,,,,,,,,,,,,,,,,,,,,,,,,,,,,,,,,,,,,,,,,,,,,,,,,,,,,,,,,,,,,,None,0,,,,,,,,,,,,,,,,,,,,,,,,,,,,,,,,,,,,,,,,,,,,,,,,,,,,,,,,,,,,AANNNAAA,1,Right,2026-04-13_09h55.29.614,EmoNback_Practice,,2025.1.1,60,2026-04-13 09h55.40.205851 -0500,
5,1,None,PracticeTrialsPROC,VM Stimuli/Place1.bmp,target,Target,Place,2-Back,4,4,0,None,0,,,,,,,,,,,,,0,4,4,4,,,,,,,,,,,,,,,,,309.66661783261225,,,,,,,,,,,,,,,,,,,,,,,,,,,,,,,,,,,,,,,,,,,,,,,,,,,,,,,,,,,,,,,,,,,,,,,309.6646210826002,309.6771361245774,309.6771361245774,309.6771361245774,309.6771361245774,311.66206854069605,,,311.6632869997993,311.67732779076323,312.17741533275694,312.1651707077399,313.6690444997512,313.6623255405575,311.6660369578749,311.6660369578749,311.6660369578749,311.6660369578749,,,,,,,,,,,,,,,,,,,,,,,,,,,,,,,,,,,,,,,,,,,,,,,,,,,,,,,,,,,,,,,,,,,,,,,,,,,,,,,,,,,,,,,,,,,,,,,,,,,,,,,,,,,,,,,,,,,,,,,,,,,,,,,,,,,,,,,,,,,,,,,,,,,,,,,,,,,,,,,,,,,,,,,,,,,,,,,,,,,,,,,None,0,,,,,,,,,,,,,,,,,,,,,,,,,,,,,,,,,,,,,,,,,,,,,,,,,,,,,,,,,,,,AANNNAAA,1,Right,2026-04-13_09h55.29.614,EmoNback_Practice,,2025.1.1,60,2026-04-13 09h55.40.205851 -0500,
,,,,,,,,,,,,,,,,,,,,,,,,,,,,,,,,,,,,,,,,,,,,,,,,,,,,,,,,,,,,,,,,,,,,,,,,,,,,,,,,,,,,,,,,,,,,,,,,,,,,,,,,,,,,,,,,,,,,,,,,,,,,,,,,,,,,,,,,,,,,,,,,,,,,,,,,,,,,,,,,,,,,,,,,,,,,,,,,,,,,,,,,,,,,,,,,,,,,,,,,,,,,,,,,,,,,,,,,,,,,,,,,,,,,,,,,,,,,,,,,,,,,,,,,,,,,,,,,,,,,,,,,,,,,,,,,,,,,,,,,,,,,,,,,,,,,,,,,,,,,,,,,,,,,,,,,,,,,,,,313.6658386248164,313.68058616574854,313.68058616574854,313.68058616574854,313.68058616574854,332.39566999999806,space,18.708518042229116,None,,,,,,,,,,,,,,,,,,,,,,,,,,,,,,,,,,,,,,,,,,,,,,,,,,,AANNNAAA,1,Right,2026-04-13_09h55.29.614,EmoNback_Practice,,2025.1.1,60,2026-04-13 09h55.40.205851 -0500,
,,,,,,,,,,,,,,,,,,,,,,,,,,,,,,,,,,,,,,,,,,,,,,,,,,,,,,,,,,,,,,,,,,,,,,,,,,,,,,,,,,,,,,,,,,,,,,,,,,,,,,,,,,,,,,,,,,,,,,,,,,,,,,,,,,,,,,,,,,,,,,,,,,,,,,,,,,,,,,,,,,,,,,,,,,,,,,,,,,,,,,,,,,,,,,,,,,,,,,,,,,,,,,,,,,,,,,,,,,,,,,,,,,,,,,,,,,,,,,,,,,,,,,,,,,,,,,,,,,,,,,,,,,,,,,,,,,,,,,,,,,,,,,,,,,,,,,,,,,,,,,,,,,,,,,,,,,,,,,,,,,,,,,,,332.3968769996427,332.4030263326131,332.4030263326131,338.4627966247499,space,6.049742749892175,None,,,,,,,,,,,,,,,,,,,,,,,,,,,,,,,,,,,,,,,,,,,,AANNNAAA,1,Right,2026-04-13_09h55.29.614,EmoNback_Practice,,2025.1.1,60,2026-04-13 09h55.40.205851 -0500,
,,,,,,,,,,,,,,,,,,,,,,,,,,,,,,,,,,,,,,,,,,,,,,,,,,,,,,,,,,,,,,,,,,,,,,,,,,,,,,,,,,,,,,,,,,,,,,,,,,,,,,,,,,,,,,,,,,,,,,,,,,,,,,,,,,,,,,,,,,,,,,,,,,,,,,,,,,,,,,,,,,,,,,,,,,,,,,,,,,,,,,,,,,,,,,,,,,,,,,,,,,,,,,,,,,,,,,,,,,,,,,,,,,,,,,,,,,,,,,,,,,,,,,,,,,,,,,,,,,,,,,,,,,,,,,,,,,,,,,,,,,,,,,,,,,,,,,,,,,,,,,,,,,,,,,,,,,,,,,,,,,,,,,,,,,,,,,,338.463407874573,338.47017229069024,338.96015149960294,338.9660318749957,340.96078583272174,340.94542066566646,,,,,,,,,,,,,,,,,,,,,,,,,,,,,,,,,,,,,,AANNNAAA,1,Right,2026-04-13_09h55.29.614,EmoNback_Practice,,2025.1.1,60,2026-04-13 09h55.40.205851 -0500,
2,1,None,PracticeTrialsPROC,VM Stimuli/PracticeHO1.bmp,nontarget,Nontarget,PosFace,2-Back,0,0,0,None,0,,,,,,,,,,,,,,,,,0,0,0,0,,,,,,,,,,,,,340.96078583272174,,,,,,,,,,,,,,,,,,,,,,,,,,,,,,,,,,,,,,,,,,,,,,,,,,,,,,,,,,,,,,,,,,,,,,,340.9587540407665,340.9771098745987,340.9771098745987,340.9771098745987,340.9771098745987,342.9619182907045,,,342.96300449967384,342.9672276247293,343.4603365827352,343.4662946248427,344.95270941592753,344.94554370781407,342.9672276247293,342.9672276247293,342.9672276247293,342.9672276247293,,,,,,,,,,,,,,,,,,,,,,,,,,,,,,,,,,,,,,,,,,,,,,,,,,,,,,,,,,,,,,,,,,,,,,,,,,,,,,,,,,,,,,,,,,,,,,,,,,,,,,,,,,,,,,,,,,,,,,,,,,,,,,,,,,,,,,,,,,,,,,,,,,,,,,,,,,,,,,,,,,,,,,,,,,,,,,,,,,,,,,,,,,,,,,,,,,,,,,,,,,,,,,,None,0,,,,,,,,,,,,,,,,,,,,,,,,,,,,,,,,,,,,AANNNAAA,1,Right,2026-04-13_09h55.29.614,EmoNback_Practice,,2025.1.1,60,2026-04-13 09h55.40.205851 -0500,
3,1,None,PracticeTrialsPROC,VM Stimuli/PracticeHO2.bmp,nontarget,Nontarget,PosFace,2-Back,1,1,0,None,0,,,,,,,,,,,,,,,,,0,1,1,1,,,,,,,,,,,,,344.95270941592753,,,,,,,,,,,,,,,,,,,,,,,,,,,,,,,,,,,,,,,,,,,,,,,,,,,,,,,,,,,,,,,,,,,,,,,344.9507647496648,344.9610372078605,344.9610372078605,344.9610372078605,344.9610372078605,346.945133165922,,,346.9461916247383,346.960388624575,347.46035758266225,347.44850816577673,348.95254945755005,348.94556320784613,346.9490810409188,346.9490810409188,346.9490810409188,346.9490810409188,,,,,,,,,,,,,,,,,,,,,,,,,,,,,,,,,,,,,,,,,,,,,,,,,,,,,,,,,,,,,,,,,,,,,,,,,,,,,,,,,,,,,,,,,,,,,,,,,,,,,,,,,,,,,,,,,,,,,,,,,,,,,,,,,,,,,,,,,,,,,,,,,,,,,,,,,,,,,,,,,,,,,,,,,,,,,,,,,,,,,,,,,,,,,,,,,,,,,,,,,,,,,,,None,0,,,,,,,,,,,,,,,,,,,,,,,,,,,,,,,,,,,,AANNNAAA,1,Right,2026-04-13_09h55.29.614,EmoNback_Practice,,2025.1.1,60,2026-04-13 09h55.40.205851 -0500,
4,1,None,PracticeTrialsPROC,VM Stimuli/PracticeHO3.bmp,nontarget,Nontarget,PosFace,2-Back,2,2,0,None,0,,,,,,,,,,,,,,,,,0,2,2,2,,,,,,,,,,,,,348.95254945755005,,,,,,,,,,,,,,,,,,,,,,,,,,,,,,,,,,,,,,,,,,,,,,,,,,,,,,,,,,,,,,,,,,,,,,,348.95047708274797,348.96090449998155,348.96090449998155,348.96090449998155,348.96090449998155,350.9450469156727,,,350.9460572907701,350.9603184578009,351.4604294998571,351.4481370826252,352.9502381249331,352.9453348326497,350.9489941657521,350.9489941657521,350.9489941657521,350.9489941657521,,,,,,,,,,,,,,,,,,,,,,,,,,,,,,,,,,,,,,,,,,,,,,,,,,,,,,,,,,,,,,,,,,,,,,,,,,,,,,,,,,,,,,,,,,,,,,,,,,,,,,,,,,,,,,,,,,,,,,,,,,,,,,,,,,,,,,,,,,,,,,,,,,,,,,,,,,,,,,,,,,,,,,,,,,,,,,,,,,,,,,,,,,,,,,,,,,,,,,,,,,,,,,,None,0,,,,,,,,,,,,,,,,,,,,,,,,,,,,,,,,,,,,AANNNAAA,1,Right,2026-04-13_09h55.29.614,EmoNback_Practice,,2025.1.1,60,2026-04-13 09h55.40.205851 -0500,
5,1,None,PracticeTrialsPROC,VM Stimuli/PracticeHO2.bmp,target,Target,PosFace,2-Back,3,3,0,None,0,,,,,,,,,,,,,,,,,0,3,3,3,,,,,,,,,,,,,352.9502381249331,,,,,,,,,,,,,,,,,,,,,,,,,,,,,,,,,,,,,,,,,,,,,,,,,,,,,,,,,,,,,,,,,,,,,,,352.94822579063475,352.960267749615,352.960267749615,352.960267749615,352.960267749615,354.94504016591236,,,354.9460432496853,354.9604509999044,355.4603257905692,355.4484141659923,356.94928095769137,356.9452185826376,354.94881408289075,354.94881408289075,354.94881408289075,354.94881408289075,,,,,,,,,,,,,,,,,,,,,,,,,,,,,,,,,,,,,,,,,,,,,,,,,,,,,,,,,,,,,,,,,,,,,,,,,,,,,,,,,,,,,,,,,,,,,,,,,,,,,,,,,,,,,,,,,,,,,,,,,,,,,,,,,,,,,,,,,,,,,,,,,,,,,,,,,,,,,,,,,,,,,,,,,,,,,,,,,,,,,,,,,,,,,,,,,,,,,,,,,,,,,,,None,0,,,,,,,,,,,,,,,,,,,,,,,,,,,,,,,,,,,,AANNNAAA,1,Right,2026-04-13_09h55.29.614,EmoNback_Practice,,2025.1.1,60,2026-04-13 09h55.40.205851 -0500,
,,,,,,,,,,,,,,,,,,,,,,,,,,,,,,,,,,,,,,,,,,,,,,,,,,,,,,,,,,,,,,,,,,,,,,,,,,,,,,,,,,,,,,,,,,,,,,,,,,,,,,,,,,,,,,,,,,,,,,,,,,,,,,,,,,,,,,,,,,,,,,,,,,,,,,,,,,,,,,,,,,,,,,,,,,,,,,,,,,,,,,,,,,,,,,,,,,,,,,,,,,,,,,,,,,,,,,,,,,,,,,,,,,,,,,,,,,,,,,,,,,,,,,,,,,,,,,,,,,,,,,,,,,,,,,,,,,,,,,,,,,,,,,,,,,,,,,,,,,,,,,,,,,,,,,,,,,,,,,,,,,,,,,,,,,,,,,,,,,,,,,,356.9462689156644,356.9603051249869,357.44801141601056,357.4600942907855,357.4600942907855,357.4600942907855,359.9594368748367,359.9594368748367,359.9594368748367,359.9450419158675,,,,,,,,,,,,,,,,,,,,,,,,,,AANNNAAA,1,Right,2026-04-13_09h55.29.614,EmoNback_Practice,,2025.1.1,60,2026-04-13 09h55.40.205851 -0500,
2,1,None,PracticeTrialsPROC,VM Stimuli/Place5.bmp,nontarget,Nontarget,Place,0-Back,0,0,0,None,0,,,,,,,,,,,,,,,,,,,,,0,0,0,0,,,,,,,,,359.9594368748367,,,,,,,,,,,,,,,,,,,,,,,,,,,,,,,,,,,,,,,,,,,,,,,,,,,,,,,,,,,,,,,,,,,,,,,359.95727762486786,359.9666127078235,359.9666127078235,359.9666127078235,359.9666127078235,361.95121104083955,,,361.9522437499836,361.9602515408769,362.4602420828305,362.4482094999403,363.95224279072136,363.9452591249719,361.9602515408769,361.9602515408769,361.9602515408769,361.9602515408769,,,,,,,,,,,,,,,,,,,,,,,,,,,,,,,,,,,,,,,,,,,,,,,,,,,,,,,,,,,,,,,,,,,,,,,,,,,,,,,,,,,,,,,,,,,,,,,,,,,,,,,,,,,,,,,,,,,,,,,,,,,,,,,,,,,,,,,,,,,,,,,,,,,,,,,,,,,,,,,,,,,,,,,,,,,,,,,,,,,,,,,,,,,,,,,,,,,,,,,,,,,,,,,,,,,,,,,,,,,None,0,,,,,,,,,,,,,,,,,,,,,,,,AANNNAAA,1,Right,2026-04-13_09h55.29.614,EmoNback_Practice,,2025.1.1,60,2026-04-13 09h55.40.205851 -0500,
3,1,None,PracticeTrialsPROC,VM Stimuli/Place3.bmp,target,Target,Place,0-Back,1,1,0,None,0,,,,,,,,,,,,,,,,,,,,,0,1,1,1,,,,,,,,,363.95224279072136,,,,,,,,,,,,,,,,,,,,,,,,,,,,,,,,,,,,,,,,,,,,,,,,,,,,,,,,,,,,,,,,,,,,,,,363.9501646249555,363.96021204069257,363.96021204069257,363.96021204069257,363.96021204069257,365.94508566567674,,,365.94611099967733,365.9601107076742,366.4602059577592,366.4484586250037,367.95236824965104,367.9452033746056,365.94908454082906,365.94908454082906,365.94908454082906,365.94908454082906,,,,,,,,,,,,,,,,,,,,,,,,,,,,,,,,,,,,,,,,,,,,,,,,,,,,,,,,,,,,,,,,,,,,,,,,,,,,,,,,,,,,,,,,,,,,,,,,,,,,,,,,,,,,,,,,,,,,,,,,,,,,,,,,,,,,,,,,,,,,,,,,,,,,,,,,,,,,,,,,,,,,,,,,,,,,,,,,,,,,,,,,,,,,,,,,,,,,,,,,,,,,,,,,,,,,,,,,,,,None,0,,,,,,,,,,,,,,,,,,,,,,,,AANNNAAA,1,Right,2026-04-13_09h55.29.614,EmoNback_Practice,,2025.1.1,60,2026-04-13 09h55.40.205851 -0500,
4,1,None,PracticeTrialsPROC,VM Stimuli/Place6.bmp,nontarget,Nontarget,Place,0-Back,2,2,0,None,0,,,,,,,,,,,,,,,,,,,,,0,2,2,2,,,,,,,,,367.95236824965104,,,,,,,,,,,,,,,,,,,,,,,,,,,,,,,,,,,,,,,,,,,,,,,,,,,,,,,,,,,,,,,,,,,,,,,367.95014554075897,367.9604587079957,367.9604587079957,367.9604587079957,367.9604587079957,369.944948207587,,,369.94595145760104,369.9601277075708,370.4601562079042,370.44825816573575,371.95158108277246,371.9451212496497,369.948852957692,369.948852957692,369.948852957692,369.948852957692,,,,,,,,,,,,,,,,,,,,,,,,,,,,,,,,,,,,,,,,,,,,,,,,,,,,,,,,,,,,,,,,,,,,,,,,,,,,,,,,,,,,,,,,,,,,,,,,,,,,,,,,,,,,,,,,,,,,,,,,,,,,,,,,,,,,,,,,,,,,,,,,,,,,,,,,,,,,,,,,,,,,,,,,,,,,,,,,,,,,,,,,,,,,,,,,,,,,,,,,,,,,,,,,,,,,,,,,,,,None,0,,,,,,,,,,,,,,,,,,,,,,,,AANNNAAA,1,Right,2026-04-13_09h55.29.614,EmoNback_Practice,,2025.1.1,60,2026-04-13 09h55.40.205851 -0500,
5,1,None,PracticeTrialsPROC,VM Stimuli/Place3.bmp,target,Target,Place,0-Back,3,3,0,None,0,,,,,,,,,,,,,,,,,,,,,0,3,3,3,,,,,,,,,371.95158108277246,,,,,,,,,,,,,,,,,,,,,,,,,,,,,,,,,,,,,,,,,,,,,,,,,,,,,,,,,,,,,,,,,,,,,,,371.94947079056874,371.9598057079129,371.9598057079129,371.9598057079129,371.9598057079129,373.953029290773,,,373.9546002079733,373.9593868330121,374.4591900827363,374.4591900827363,375.9569987496361,375.94907458266243,373.9593868330121,373.9593868330121,373.9593868330121,373.9593868330121,,,,,,,,,,,,,,,,,,,,,,,,,,,,,,,,,,,,,,,,,,,,,,,,,,,,,,,,,,,,,,,,,,,,,,,,,,,,,,,,,,,,,,,,,,,,,,,,,,,,,,,,,,,,,,,,,,,,,,,,,,,,,,,,,,,,,,,,,,,,,,,,,,,,,,,,,,,,,,,,,,,,,,,,,,,,,,,,,,,,,,,,,,,,,,,,,,,,,,,,,,,,,,,,,,,,,,,,,,,None,0,,,,,,,,,,,,,,,,,,,,,,,,AANNNAAA,1,Right,2026-04-13_09h55.29.614,EmoNback_Practice,,2025.1.1,60,2026-04-13 09h55.40.205851 -0500,
,,,,,,,,,,,,,,,,,,,,,,,,,,,,,,,,,,,,,,,,,,,,,,,,,,,,,,,,,,,,,,,,,,,,,,,,,,,,,,,,,,,,,,,,,,,,,,,,,,,,,,,,,,,,,,,,,,,,,,,,,,,,,,,,,,,,,,,,,,,,,,,,,,,,,,,,,,,,,,,,,,,,,,,,,,,,,,,,,,,,,,,,,,,,,,,,,,,,,,,,,,,,,,,,,,,,,,,,,,,,,,,,,,,,,,,,,,,,,,,,,,,,,,,,,,,,,,,,,,,,,,,,,,,,,,,,,,,,,,,,,,,,,,,,,,,,,,,,,,,,,,,,,,,,,,,,,,,,,,,,,,,,,,,,,,,,,,,,,,,,,,,,,,,,,,,,,,,375.9500965406187,375.9569987496361,376.4532711659558,376.467308124993,378.47491558268666,378.4527088329196,,,,,,,,,,,,,,,,,,AANNNAAA,1,Right,2026-04-13_09h55.29.614,EmoNback_Practice,,2025.1.1,60,2026-04-13 09h55.40.205851 -0500,
2,1,None,PracticeTrialsPROC,VM Stimuli/Place3.bmp,nontarget,Nontarget,Place,2-Back,0,0,0,None,0,,,,,,,,,,,,,,,,,,,,,,,,,0,0,0,0,,,,,378.47491558268666,,,,,,,,,,,,,,,,,,,,,,,,,,,,,,,,,,,,,,,,,,,,,,,,,,,,,,,,,,,,,,,,,,,,,,,378.46854649996385,378.47491558268666,378.47491558268666,378.47491558268666,378.47491558268666,380.46110187470913,,,380.46220149984583,380.4666274157353,380.9587636659853,380.9587636659853,382.4702195827849,382.4500220408663,380.4666274157353,380.4666274157353,380.4666274157353,380.4666274157353,,,,,,,,,,,,,,,,,,,,,,,,,,,,,,,,,,,,,,,,,,,,,,,,,,,,,,,,,,,,,,,,,,,,,,,,,,,,,,,,,,,,,,,,,,,,,,,,,,,,,,,,,,,,,,,,,,,,,,,,,,,,,,,,,,,,,,,,,,,,,,,,,,,,,,,,,,,,,,,,,,,,,,,,,,,,,,,,,,,,,,,,,,,,,,,,,,,,,,,,,,,,,,,,,,,,,,,,,,,,,,,,,,,None,0,,,,,,,,,,,,,,,,AANNNAAA,1,Right,2026-04-13_09h55.29.614,EmoNback_Practice,,2025.1.1,60,2026-04-13 09h55.40.205851 -0500,
3,1,None,PracticeTrialsPROC,VM Stimuli/Place5.bmp,nontarget,Nontarget,Place,2-Back,1,1,0,None,0,,,,,,,,,,,,,,,,,,,,,,,,,0,1,1,1,,,,,382.4702195827849,,,,,,,,,,,,,,,,,,,,,,,,,,,,,,,,,,,,,,,,,,,,,,,,,,,,,,,,,,,,,,,,,,,,,,,382.4567757076584,382.4702195827849,382.4702195827849,382.4702195827849,382.4702195827849,384.4572671246715,,,384.4583466248587,384.4627543329261,384.95993991568685,384.95993991568685,386.46125133289024,386.44868229096755,384.4627543329261,384.4627543329261,384.4627543329261,384.4627543329261,,,,,,,,,,,,,,,,,,,,,,,,,,,,,,,,,,,,,,,,,,,,,,,,,,,,,,,,,,,,,,,,,,,,,,,,,,,,,,,,,,,,,,,,,,,,,,,,,,,,,,,,,,,,,,,,,,,,,,,,,,,,,,,,,,,,,,,,,,,,,,,,,,,,,,,,,,,,,,,,,,,,,,,,,,,,,,,,,,,,,,,,,,,,,,,,,,,,,,,,,,,,,,,,,,,,,,,,,,,,,,,,,,,None,0,,,,,,,,,,,,,,,,AANNNAAA,1,Right,2026-04-13_09h55.29.614,EmoNback_Practice,,2025.1.1,60,2026-04-13 09h55.40.205851 -0500,
4,1,None,PracticeTrialsPROC,VM Stimuli/Place1.bmp,nontarget,Nontarget,Place,2-Back,2,2,0,None,0,,,,,,,,,,,,,,,,,,,,,,,,,0,2,2,2,,,,,386.46125133289024,,,,,,,,,,,,,,,,,,,,,,,,,,,,,,,,,,,,,,,,,,,,,,,,,,,,,,,,,,,,,,,,,,,,,,,386.4543442497961,386.46125133289024,386.46125133289024,386.46125133289024,386.46125133289024,388.4495013328269,,,388.45049374969676,388.45508949970827,388.9571169158444,388.94440754083917,390.46653304062784,390.4555017077364,388.45508949970827,388.45508949970827,388.45508949970827,388.45508949970827,,,,,,,,,,,,,,,,,,,,,,,,,,,,,,,,,,,,,,,,,,,,,,,,,,,,,,,,,,,,,,,,,,,,,,,,,,,,,,,,,,,,,,,,,,,,,,,,,,,,,,,,,,,,,,,,,,,,,,,,,,,,,,,,,,,,,,,,,,,,,,,,,,,,,,,,,,,,,,,,,,,,,,,,,,,,,,,,,,,,,,,,,,,,,,,,,,,,,,,,,,,,,,,,,,,,,,,,,,,,,,,,,,,None,0,,,,,,,,,,,,,,,,AANNNAAA,1,Right,2026-04-13_09h55.29.614,EmoNback_Practice,,2025.1.1,60,2026-04-13 09h55.40.205851 -0500,
5,1,None,PracticeTrialsPROC,VM Stimuli/Place5.bmp,target,Target,Place,2-Back,3,3,0,None,0,,,,,,,,,,,,,,,,,,,,,,,,,0,3,3,3,,,,,390.46653304062784,,,,,,,,,,,,,,,,,,,,,,,,,,,,,,,,,,,,,,,,,,,,,,,,,,,,,,,,,,,,,,,,,,,,,,,390.459046874661,390.46653304062784,390.46653304062784,390.46653304062784,390.46653304062784,392.45209016557783,,,392.4532980406657,392.45785825001076,392.9616330405697,392.9529910408892,394.45132612483576,394.44696108298376,392.45785825001076,392.45785825001076,392.45785825001076,392.45785825001076,,,,,,,,,,,,,,,,,,,,,,,,,,,,,,,,,,,,,,,,,,,,,,,,,,,,,,,,,,,,,,,,,,,,,,,,,,,,,,,,,,,,,,,,,,,,,,,,,,,,,,,,,,,,,,,,,,,,,,,,,,,,,,,,,,,,,,,,,,,,,,,,,,,,,,,,,,,,,,,,,,,,,,,,,,,,,,,,,,,,,,,,,,,,,,,,,,,,,,,,,,,,,,,,,,,,,,,,,,,,,,,,,,,None,0,,,,,,,,,,,,,,,,AANNNAAA,1,Right,2026-04-13_09h55.29.614,EmoNback_Practice,,2025.1.1,60,2026-04-13 09h55.40.205851 -0500,
,,,,,,,,,,,,,,,,,,,,,,,,,,,,,,,,,,,,,,,,,,,,,,,,,,,,,,,,,,,,,,,,,,,,,,,,,,,,,,,,,,,,,,,,,,,,,,,,,,,,,,,,,,,,,,,,,,,,,,,,,,,,,,,,,,,,,,,,,,,,,,,,,,,,,,,,,,,,,,,,,,,,,,,,,,,,,,,,,,,,,,,,,,,,,,,,,,,,,,,,,,,,,,,,,,,,,,,,,,,,,,,,,,,,,,,,,,,,,,,,,,,,,,,,,,,,,,,,,,,,,,,,,,,,,,,,,,,,,,,,,,,,,,,,,,,,,,,,,,,,,,,,,,,,,,,,,,,,,,,,,,,,,,,,,,,,,,,,,,,,,,,,,,,,,,,,,,,,,,,,,,,394.4481223747134,394.45923391589895,394.95402699988335,394.9676530826837,394.9676530826837,394.9676530826837,397.47312512481585,397.47312512481585,397.47312512481585,397.4568956247531,,,,,,AANNNAAA,1,Right,2026-04-13_09h55.29.614,EmoNback_Practice,,2025.1.1,60,2026-04-13 09h55.40.205851 -0500,
2,1,None,PracticeTrialsPROC,VM Stimuli/PracticeNC1.bmp,nontarget,Nontarget,NeutFace,0-Back,0,0,0,None,0,,,,,,,,,,,,,,,,,,,,,,,,,,,,,0,0,0,0,397.47312512481585,,,,,,,,,,,,,,,,,,,,,,,,,,,,,,,,,,,,,,,,,,,,,,,,,,,,,,,,,,,,,,,,,,,,,,,397.46815783297643,397.47312512481585,397.47312512481585,397.47312512481585,397.47312512481585,399.46115774987265,,,399.46233358280733,399.4669025829062,399.9571384158917,399.9571384158917,401.4532779576257,401.4461187077686,399.4669025829062,399.4669025829062,399.4669025829062,399.4669025829062,,,,,,,,,,,,,,,,,,,,,,,,,,,,,,,,,,,,,,,,,,,,,,,,,,,,,,,,,,,,,,,,,,,,,,,,,,,,,,,,,,,,,,,,,,,,,,,,,,,,,,,,,,,,,,,,,,,,,,,,,,,,,,,,,,,,,,,,,,,,,,,,,,,,,,,,,,,,,,,,,,,,,,,,,,,,,,,,,,,,,,,,,,,,,,,,,,,,,,,,,,,,,,,,,,,,,,,,,,,,,,,,,,,,,,,,,,,,,,,None,0,,,,AANNNAAA,1,Right,2026-04-13_09h55.29.614,EmoNback_Practice,,2025.1.1,60,2026-04-13 09h55.40.205851 -0500,
3,1,None,PracticeTrialsPROC,VM Stimuli/PracticeNC2.bmp,target,Target,NeutFace,0-Back,1,1,0,None,0,,,,,,,,,,,,,,,,,,,,,,,,,,,,,0,1,1,1,401.4532779576257,,,,,,,,,,,,,,,,,,,,,,,,,,,,,,,,,,,,,,,,,,,,,,,,,,,,,,,,,,,,,,,,,,,,,,,401.4512161249295,401.4630652498454,401.4630652498454,401.4630652498454,401.4630652498454,403.44798783259466,,,403.44920133287087,403.45383941568434,403.9563002078794,403.9431428327225,405.4545019157231,405.44277841597795,403.45383941568434,403.45383941568434,403.45383941568434,403.45383941568434,,,,,,,,,,,,,,,,,,,,,,,,,,,,,,,,,,,,,,,,,,,,,,,,,,,,,,,,,,,,,,,,,,,,,,,,,,,,,,,,,,,,,,,,,,,,,,,,,,,,,,,,,,,,,,,,,,,,,,,,,,,,,,,,,,,,,,,,,,,,,,,,,,,,,,,,,,,,,,,,,,,,,,,,,,,,,,,,,,,,,,,,,,,,,,,,,,,,,,,,,,,,,,,,,,,,,,,,,,,,,,,,,,,,,,,,,,,,,,,None,0,,,,AANNNAAA,1,Right,2026-04-13_09h55.29.614,EmoNback_Practice,,2025.1.1,60,2026-04-13 09h55.40.205851 -0500,
4,1,None,PracticeTrialsPROC,VM Stimuli/PracticeNC3.bmp,nontarget,Nontarget,NeutFace,0-Back,2,2,0,None,0,,,,,,,,,,,,,,,,,,,,,,,,,,,,,0,2,2,2,405.4545019157231,,,,,,,,,,,,,,,,,,,,,,,,,,,,,,,,,,,,,,,,,,,,,,,,,,,,,,,,,,,,,,,,,,,,,,,405.447730332613,405.4648037906736,405.4648037906736,405.4648037906736,405.4648037906736,407.45520729059353,,,407.4565915828571,407.4612730406225,407.95243787486106,407.95243787486106,409.44949304079637,409.4423335827887,407.4612730406225,407.4612730406225,407.4612730406225,407.4612730406225,,,,,,,,,,,,,,,,,,,,,,,,,,,,,,,,,,,,,,,,,,,,,,,,,,,,,,,,,,,,,,,,,,,,,,,,,,,,,,,,,,,,,,,,,,,,,,,,,,,,,,,,,,,,,,,,,,,,,,,,,,,,,,,,,,,,,,,,,,,,,,,,,,,,,,,,,,,,,,,,,,,,,,,,,,,,,,,,,,,,,,,,,,,,,,,,,,,,,,,,,,,,,,,,,,,,,,,,,,,,,,,,,,,,,,,,,,,,,,,None,0,,,,AANNNAAA,1,Right,2026-04-13_09h55.29.614,EmoNback_Practice,,2025.1.1,60,2026-04-13 09h55.40.205851 -0500,
5,1,None,PracticeTrialsPROC,VM Stimuli/PracticeNC2.bmp,target,Target,NeutFace,0-Back,3,3,0,None,0,,,,,,,,,,,,,,,,,,,,,,,,,,,,,0,3,3,3,409.44949304079637,,,,,,,,,,,,,,,,,,,,,,,,,,,,,,,,,,,,,,,,,,,,,,,,,,,,,,,,,,,,,,,,,,,,,,,409.4474176657386,409.4600544157438,409.4600544157438,409.4600544157438,409.4600544157438,411.44545249966905,,,411.4465558328666,411.45576679101214,411.95331704057753,411.9453105828725,413.4520684997551,413.4411127907224,411.4497807077132,411.4497807077132,411.4497807077132,411.4497807077132,,,,,,,,,,,,,,,,,,,,,,,,,,,,,,,,,,,,,,,,,,,,,,,,,,,,,,,,,,,,,,,,,,,,,,,,,,,,,,,,,,,,,,,,,,,,,,,,,,,,,,,,,,,,,,,,,,,,,,,,,,,,,,,,,,,,,,,,,,,,,,,,,,,,,,,,,,,,,,,,,,,,,,,,,,,,,,,,,,,,,,,,,,,,,,,,,,,,,,,,,,,,,,,,,,,,,,,,,,,,,,,,,,,,,,,,,,,,,,,None,0,,,,AANNNAAA,1,Right,2026-04-13_09h55.29.614,EmoNback_Practice,,2025.1.1,60,2026-04-13 09h55.40.205851 -0500,
,,,,,,,,,,,,,,,,,,,,,,,,,,,,,,,,,,,,,,,,,,,,,,,,,,,,,,,,,,,,,,,,,,,,,,,,,,,,,,,,,,,,,,,,,,,,,,,,,,,,,,,,,,,,,,,,,,,,,,,,,,,,,,,,,,,,,,,,,,,,,,,,,,,,,,,,,,,,,,,,,,,,,,,,,,,,,,,,,,,,,,,,,,,,,,,,,,,,,,,,,,,,,,,,,,,,,,,,,,,,,,,,,,,,,,,,,,,,,,,,,,,,,,,,,,,,,,,,,,,,,,,,,,,,,,,,,,,,,,,,,,,,,,,,,,,,,,,,,,,,,,,,,,,,,,,,,,,,,,,,,,,,,,,,,,,,,,,,,,,,,,,,,,,,,,,,,,,,,,,,,,,,,,,,,,,,,,,413.442859957926,413.4608971248381,413.4608971248381,,,,,,,,,,
