ID,Weight,Nested,Procedure,Stimulus,TargetType,CorrectResponse,StimType,BlockType,thisN,thisTrialN,thisRepN,response.keys,response.corr,practiceLoop.thisRepN,practiceLoop.thisTrialN,practiceLoop.thisN,practiceLoop.thisIndex,practiceLoop2.thisRepN,practiceLoop2.thisTrialN,practiceLoop2.thisN,practiceLoop2.thisIndex,practiceLoop3.thisRepN,practiceLoop3.thisTrialN,practiceLoop3.thisN,practiceLoop3.thisIndex,practiceLoop4.thisRepN,practiceLoop4.thisTrialN,practiceLoop4.thisN,practiceLoop4.thisIndex,thisRow.t,notes,TitlePage.started,NextPage.started,NbackTitle.started,TitlePage.stopped,NextPage.keys,NextPage.rt,NextPage.duration,Instructions1.started,NextPage_2.started,Instructions_1.started,Label_faces.started,Places_label.started,Face_image.started,Place_Image.started,Instructions1.stopped,NextPage_2.keys,NextPage_2.rt,NextPage_2.duration,Instructions5pt5.started,NextPage_5.started,Instructions_5pt5.started,Instructions5pt5.stopped,NextPage_5.keys,NextPage_5.rt,NextPage_5.duration,Instructions6.started,NextPage_6.started,Instructions_6.started,Instructions_6_Target.started,TargetImage.started,Instructions6.stopped,NextPage_6.keys,NextPage_6.rt,NextPage_6.duration,Instructions6pt1.started,NextPage_27.started,Instructions_7.started,TargetImage_2.started,Instructions_6_Match_2.started,Instructions6pt1.stopped,NextPage_27.keys,NextPage_27.rt,NextPage_27.duration,Instructions14.started,NextPage_7.started,Instructions_10.started,Instructions_6_Match_3.started,TargetImage_3.started,Instructions14.stopped,NextPage_7.keys,NextPage_7.rt,NextPage_7.duration,Instructions6pt2.started,NextPage_8.started,Instructions_6pt2.started,Instructions6pt2.stopped,NextPage_8.keys,NextPage_8.rt,NextPage_8.duration,PracticeTrial1_Cue.started,CueFix_1.started,CueTarget_1.started,CueTargetImage_1.started,Zero_back.started,CueFix_1.stopped,CueTarget_1.stopped,CueTargetImage_1.stopped,Zero_back.stopped,PracticeTrial1_Cue.stopped,PracticeTrial_Stim.started,response.started,Stim.started,Stim_LeftScreenInstruction.started,Stim_RightScreenInstruction.started,PracticeTrial_Stim.stopped,practiceLoop.response.keys,practiceLoop.response.corr,PracticeTrial_Feedback.started,Fix.started,Feedback.started,Fix.stopped,Feedback.stopped,PracticeTrial_Feedback.stopped,response.stopped,Stim.stopped,Stim_LeftScreenInstruction.stopped,Stim_RightScreenInstruction.stopped,InstructionsSpaceToContinue.started,NextPage_9.started,Instructions_Space.started,InstructionsSpaceToContinue.stopped,NextPage_9.keys,NextPage_9.rt,NextPage_9.duration,PracticeTrial2_Cue.started,CueFix_2.started,CueTarget_2.started,CueTargetImage_2.started,Zero_back_2.started,CueFix_2.stopped,CueTarget_2.stopped,CueTargetImage_2.stopped,Zero_back_2.stopped,PracticeTrial2_Cue.stopped,practiceLoop2.response.keys,practiceLoop2.response.corr,Instructions8.started,NextPage_10.started,Instructions_8.started,Instructions8.stopped,NextPage_10.keys,NextPage_10.rt,NextPage_10.duration,Instructions9.started,NextPage_12.started,Instructions_9.started,Example_Stim.started,Example_LeftScreenInstruction.started,Example_RightScreenInstruction.started,Instructions_12.started,Instructions9.stopped,NextPage_12.keys,NextPage_12.rt,NextPage_12.duration,Instructions21.started,NextPage_13.started,Instructions_21.started,One_Back_Example_Stim.started,Example_Stim_2.started,Example_LeftScreenInstruction_2.started,Example_RightScreenInstruction_2.started,Instructions21.stopped,NextPage_13.keys,NextPage_13.rt,NextPage_13.duration,Instructions24.started,NextPage_14.started,Instructions_24.started,Green_Border.started,Two_Back_Example_Stim.started,One_Back_Example_Stim_2.started,Example_Stim_3.started,Example_LeftScreenInstruction_3.started,Example_RightScreenInstruction_3.started,Instructions24.stopped,NextPage_14.keys,NextPage_14.rt,NextPage_14.duration,Instructions25.started,NextPage_15.started,Instructions_25.started,Two_Back_Example_Stim_2.started,One_Back_Example_Stim_3.started,Example_Stim_4.started,Example_LeftScreenInstruction_4.started,Example_RightScreenInstruction_4.started,Instructions25.stopped,NextPage_15.keys,NextPage_15.rt,NextPage_15.duration,Instructions15.started,NextPage_16.started,Instructions_15.started,Instructions15.stopped,NextPage_16.keys,NextPage_16.rt,NextPage_16.duration,Instructions32.started,NextPage_17.started,Instructions_32.started,Example_Stim_5.started,Example_LeftScreenInstruction_5.started,Example_RightScreenInstruction_5.started,Instructions32.stopped,NextPage_17.keys,NextPage_17.rt,NextPage_17.duration,Instructions27.started,NextPage_18.started,Instructions_27.started,Example_Stim_6.started,Example_LeftScreenInstruction_6.started,Example_RightScreenInstruction_6.started,Instructions27.stopped,NextPage_18.keys,NextPage_18.rt,NextPage_18.duration,Instructions33.started,NextPage_19.started,Instructions_33.started,Example_Stim_7.started,Example_LeftScreenInstruction_7.started,Example_RightScreenInstruction_7.started,Instructions33.stopped,NextPage_19.keys,NextPage_19.rt,NextPage_19.duration,Instructions26.started,NextPage_20.started,Instructions_26.started,One_Back_Example_Stim_4.started,Example_Stim_8.started,Example_LeftScreenInstruction_8.started,Example_RightScreenInstruction_8.started,Instructions26.stopped,NextPage_20.keys,NextPage_20.rt,NextPage_20.duration,Instructions34.started,NextPage_21.started,Instructions.started,Example_Stim_9.started,Example_LeftScreenInstruction_9.started,Example_RightScreenInstruction_9.started,Instructions34.stopped,NextPage_21.keys,NextPage_21.rt,NextPage_21.duration,Instructions28.started,NextPage_22.started,Instructions_28.started,Two_Back_Example_Stim_3.started,One_Back_Example_Stim_5.started,Example_Stim_10.started,Example_LeftScreenInstruction_10.started,Example_RightScreenInstruction_10.started,Instructions28.stopped,NextPage_22.keys,NextPage_22.rt,NextPage_22.duration,Instructions_31.started,NextPage_28.started,Instructions_4.started,Example_Stim_12.started,Example_LeftScreenInstruction_12.started,Example_RightScreenInstruction_12.started,Instructions_31.stopped,NextPage_28.keys,NextPage_28.rt,NextPage_28.duration,Instructions29.started,NextPage_23.started,Instructions_29.started,Green_Border_2.started,Two_Back_Example_Stim_4.started,One_Back_Example_Stim_6.started,Example_Stim_11.started,Example_LeftScreenInstruction_11.started,Example_RightScreenInstruction_11.started,Instructions29.stopped,NextPage_23.keys,NextPage_23.rt,NextPage_23.duration,Instructions22.started,NextPage_24.started,Instructions_22.started,Instructions22.stopped,NextPage_24.keys,NextPage_24.rt,NextPage_24.duration,Instructions30.started,NextPage_25.started,Instructions_30.started,Instructions30.stopped,NextPage_25.keys,NextPage_25.rt,NextPage_25.duration,practiceLoop3.response.keys,practiceLoop3.response.corr,practiceLoop4.response.keys,practiceLoop4.response.corr,Instructions36.started,NextPage_26.started,Instructions_36.started,magenta_fixcross.started,Instructions_37.started,Instructions36.stopped,NextPage_26.keys,NextPage_26.rt,NextPage_26.duration,Instructions_5.started,NextPage_29.started,Instructions_38.started,Please enter the Subject ID:,Please enter the Session Number:,Enter subject's handedness:,date,expName,expVersion,psychopyVersion,frameRate,expStart,
,,,,,,,,,,,,,,,,,,,,,,,,,,,,,,,,0.03362995805218816,0.08309470769017935,0.08309470769017935,19.486639250069857,space,19.227406125050038,None,,,,,,,,,,,,,,,,,,,,,,,,,,,,,,,,,,,,,,,,,,,,,,,,,,,,,,,,,,,,,,,,,,,,,,,,,,,,,,,,,,,,,,,,,,,,,,,,,,,,,,,,,,,,,,,,,,,,,,,,,,,,,,,,,,,,,,,,,,,,,,,,,,,,,,,,,,,,,,,,,,,,,,,,,,,,,,,,,,,,,,,,,,,,,,,,,,,,,,,,,,,,,,,,,,,,,,,,,,,,,,,,,,,,,,,,,,,,,,,,,,,,,,,,,,,,,,,,,,,,,,,,,,,,,,,,,,,,,AANNNAAA,1,Right,2026-04-13_10h21.19.504,EmoNback_Practice,,2025.1.1,60,2026-04-13 10h25.33.329827 -0500,
,,,,,,,,,,,,,,,,,,,,,,,,,,,,,,,,,,,,,,,19.48765204194933,19.507320082746446,19.507320082746446,19.507320082746446,19.507320082746446,19.507320082746446,19.507320082746446,47.09857991710305,space,27.589280750136822,None,,,,,,,,,,,,,,,,,,,,,,,,,,,,,,,,,,,,,,,,,,,,,,,,,,,,,,,,,,,,,,,,,,,,,,,,,,,,,,,,,,,,,,,,,,,,,,,,,,,,,,,,,,,,,,,,,,,,,,,,,,,,,,,,,,,,,,,,,,,,,,,,,,,,,,,,,,,,,,,,,,,,,,,,,,,,,,,,,,,,,,,,,,,,,,,,,,,,,,,,,,,,,,,,,,,,,,,,,,,,,,,,,,,,,,,,,,,,,,,,,,,,,,,,,,,,,,,,,,,,,,,,,,AANNNAAA,1,Right,2026-04-13_10h21.19.504,EmoNback_Practice,,2025.1.1,60,2026-04-13 10h25.33.329827 -0500,
,,,,,,,,,,,,,,,,,,,,,,,,,,,,,,,,,,,,,,,,,,,,,,,,,,47.09980008285493,47.118935333099216,47.118935333099216,50.508395249955356,space,3.3751897080801427,None,,,,,,,,,,,,,,,,,,,,,,,,,,,,,,,,,,,,,,,,,,,,,,,,,,,,,,,,,,,,,,,,,,,,,,,,,,,,,,,,,,,,,,,,,,,,,,,,,,,,,,,,,,,,,,,,,,,,,,,,,,,,,,,,,,,,,,,,,,,,,,,,,,,,,,,,,,,,,,,,,,,,,,,,,,,,,,,,,,,,,,,,,,,,,,,,,,,,,,,,,,,,,,,,,,,,,,,,,,,,,,,,,,,,,,,,,,,,,,,,,,,,,,,,,,,,,,,,,,,AANNNAAA,1,Right,2026-04-13_10h21.19.504,EmoNback_Practice,,2025.1.1,60,2026-04-13 10h25.33.329827 -0500,
,,,,,,,,,,,,,,,,,,,,,,,,,,,,,,,,,,,,,,,,,,,,,,,,,,,,,,,,,50.51170183299109,50.532425332814455,50.532425332814455,50.532425332814455,50.532425332814455,53.434142207726836,space,2.887820417061448,None,,,,,,,,,,,,,,,,,,,,,,,,,,,,,,,,,,,,,,,,,,,,,,,,,,,,,,,,,,,,,,,,,,,,,,,,,,,,,,,,,,,,,,,,,,,,,,,,,,,,,,,,,,,,,,,,,,,,,,,,,,,,,,,,,,,,,,,,,,,,,,,,,,,,,,,,,,,,,,,,,,,,,,,,,,,,,,,,,,,,,,,,,,,,,,,,,,,,,,,,,,,,,,,,,,,,,,,,,,,,,,,,,,,,,,,,,,,,,,,,,,,,,,,,,,AANNNAAA,1,Right,2026-04-13_10h21.19.504,EmoNback_Practice,,2025.1.1,60,2026-04-13 10h25.33.329827 -0500,
,,,,,,,,,,,,,,,,,,,,,,,,,,,,,,,,,,,,,,,,,,,,,,,,,,,,,,,,,,,,,,,,,,53.436746708117425,53.46472149994224,53.46472149994224,53.46472149994224,53.46472149994224,198.30571866687387,left,144.83103237533942,None,,,,,,,,,,,,,,,,,,,,,,,,,,,,,,,,,,,,,,,,,,,,,,,,,,,,,,,,,,,,,,,,,,,,,,,,,,,,,,,,,,,,,,,,,,,,,,,,,,,,,,,,,,,,,,,,,,,,,,,,,,,,,,,,,,,,,,,,,,,,,,,,,,,,,,,,,,,,,,,,,,,,,,,,,,,,,,,,,,,,,,,,,,,,,,,,,,,,,,,,,,,,,,,,,,,,,,,,,,,,,,,,,,,,,,,,,,,,,,,,,AANNNAAA,1,Right,2026-04-13_10h21.19.504,EmoNback_Practice,,2025.1.1,60,2026-04-13 10h25.33.329827 -0500,
,,,,,,,,,,,,,,,,,,,,,,,,,,,,,,,,,,,,,,,,,,,,,,,,,,,,,,,,,,,,,,,,,,,,,,,,,,,198.30918620806187,198.35128116700798,198.35128116700798,198.35128116700798,198.35128116700798,220.7564598750323,right,22.3990854579024,None,,,,,,,,,,,,,,,,,,,,,,,,,,,,,,,,,,,,,,,,,,,,,,,,,,,,,,,,,,,,,,,,,,,,,,,,,,,,,,,,,,,,,,,,,,,,,,,,,,,,,,,,,,,,,,,,,,,,,,,,,,,,,,,,,,,,,,,,,,,,,,,,,,,,,,,,,,,,,,,,,,,,,,,,,,,,,,,,,,,,,,,,,,,,,,,,,,,,,,,,,,,,,,,,,,,,,,,,,,,,,,,,,,,,,,,,AANNNAAA,1,Right,2026-04-13_10h21.19.504,EmoNback_Practice,,2025.1.1,60,2026-04-13 10h25.33.329827 -0500,
,,,,,,,,,,,,,,,,,,,,,,,,,,,,,,,,,,,,,,,,,,,,,,,,,,,,,,,,,,,,,,,,,,,,,,,,,,,,,,,,,,,,220.75747791677713,220.77078287489712,220.77078287489712,224.1048941668123,space,3.3312996248714626,None,,,,,,,,,,,,,,,,,,,,,,,,,,,,,,,,,,,,,,,,,,,,,,,,,,,,,,,,,,,,,,,,,,,,,,,,,,,,,,,,,,,,,,,,,,,,,,,,,,,,,,,,,,,,,,,,,,,,,,,,,,,,,,,,,,,,,,,,,,,,,,,,,,,,,,,,,,,,,,,,,,,,,,,,,,,,,,,,,,,,,,,,,,,,,,,,,,,,,,,,,,,,,,,,,,,,,,,,,,,,,,,,,AANNNAAA,1,Right,2026-04-13_10h21.19.504,EmoNback_Practice,,2025.1.1,60,2026-04-13 10h25.33.329827 -0500,
,,,,,,,,,,,,,,,,,,,,,,,,,,,,,,,,,,,,,,,,,,,,,,,,,,,,,,,,,,,,,,,,,,,,,,,,,,,,,,,,,,,,,,,,,,,224.10743154166266,224.1238986668177,224.6124232080765,224.6124232080765,224.6124232080765,224.62611104175448,227.17175708292052,227.17175708292052,227.17175708292052,227.0963800419122,,,,,,,,,,,,,,,,,,,,,,,,,,,,,,,,,,,,,,,,,,,,,,,,,,,,,,,,,,,,,,,,,,,,,,,,,,,,,,,,,,,,,,,,,,,,,,,,,,,,,,,,,,,,,,,,,,,,,,,,,,,,,,,,,,,,,,,,,,,,,,,,,,,,,,,,,,,,,,,,,,,,,,,,,,,,,,,,,,,,,,,,,,,,,,,,,,,,,,,,,,,,,,,,,,,,,,,AANNNAAA,1,Right,2026-04-13_10h21.19.504,EmoNback_Practice,,2025.1.1,60,2026-04-13 10h25.33.329827 -0500,
2,1,None,PracticeTrialsPROC,VM Stimuli/PracticeNC2.bmp,nontarget,Nontarget,NeutFace,0-Back,0,0,0,None,0,0,0,0,0,,,,,,,,,,,,,227.17175708292052,,,,,,,,,,,,,,,,,,,,,,,,,,,,,,,,,,,,,,,,,,,,,,,,,,,,,,,,,,,,,,,,,,,,,,,227.15926745766774,227.17175708292052,227.17175708292052,227.17175708292052,227.17175708292052,229.12084395810962,None,0,229.13929062476382,229.1508450829424,229.62074950011447,229.6484544579871,231.12909045768902,231.10484166676179,,,,,,,,,,,,,,,,,,,,,,,,,,,,,,,,,,,,,,,,,,,,,,,,,,,,,,,,,,,,,,,,,,,,,,,,,,,,,,,,,,,,,,,,,,,,,,,,,,,,,,,,,,,,,,,,,,,,,,,,,,,,,,,,,,,,,,,,,,,,,,,,,,,,,,,,,,,,,,,,,,,,,,,,,,,,,,,,,,,,,,,,,,,,,,,,,,,,,,,,,AANNNAAA,1,Right,2026-04-13_10h21.19.504,EmoNback_Practice,,2025.1.1,60,2026-04-13 10h25.33.329827 -0500,
3,1,None,PracticeTrialsPROC,VM Stimuli/PracticeNC1.bmp,target,Target,NeutFace,0-Back,1,1,0,None,0,0,1,1,1,,,,,,,,,,,,,231.12909045768902,,,,,,,,,,,,,,,,,,,,,,,,,,,,,,,,,,,,,,,,,,,,,,,,,,,,,,,,,,,,,,,,,,,,,,,231.1135961250402,231.12909045768902,231.12909045768902,231.12909045768902,231.12909045768902,233.10696087498218,None,0,233.10900783305988,233.13162145810202,233.60521933296695,233.63456945773214,235.1150592500344,235.09154537506402,,,,,,,,,,,,,,,,,,,,,,,,,,,,,,,,,,,,,,,,,,,,,,,,,,,,,,,,,,,,,,,,,,,,,,,,,,,,,,,,,,,,,,,,,,,,,,,,,,,,,,,,,,,,,,,,,,,,,,,,,,,,,,,,,,,,,,,,,,,,,,,,,,,,,,,,,,,,,,,,,,,,,,,,,,,,,,,,,,,,,,,,,,,,,,,,,,,,,,,,,AANNNAAA,1,Right,2026-04-13_10h21.19.504,EmoNback_Practice,,2025.1.1,60,2026-04-13 10h25.33.329827 -0500,
4,1,None,PracticeTrialsPROC,VM Stimuli/PracticeNC3.bmp,nontarget,Nontarget,NeutFace,0-Back,2,2,0,None,0,0,2,2,2,,,,,,,,,,,,,235.1150592500344,,,,,,,,,,,,,,,,,,,,,,,,,,,,,,,,,,,,,,,,,,,,,,,,,,,,,,,,,,,,,,,,,,,,,,,235.0998593326658,235.1150592500344,235.1150592500344,235.1150592500344,235.1150592500344,237.10495904181153,None,0,237.10718333302066,237.11810233304277,237.6074603749439,237.6212258329615,239.12045416701585,239.0985864168033,237.11810233304277,237.11810233304277,237.11810233304277,237.11810233304277,,,,,,,,,,,,,,,,,,,,,,,,,,,,,,,,,,,,,,,,,,,,,,,,,,,,,,,,,,,,,,,,,,,,,,,,,,,,,,,,,,,,,,,,,,,,,,,,,,,,,,,,,,,,,,,,,,,,,,,,,,,,,,,,,,,,,,,,,,,,,,,,,,,,,,,,,,,,,,,,,,,,,,,,,,,,,,,,,,,,,,,,,,,,,,,,,,,,,AANNNAAA,1,Right,2026-04-13_10h21.19.504,EmoNback_Practice,,2025.1.1,60,2026-04-13 10h25.33.329827 -0500,
5,1,None,PracticeTrialsPROC,VM Stimuli/PracticeNC2.bmp,nontarget,Nontarget,NeutFace,0-Back,3,3,0,None,0,0,3,3,3,,,,,,,,,,,,,239.12045416701585,,,,,,,,,,,,,,,,,,,,,,,,,,,,,,,,,,,,,,,,,,,,,,,,,,,,,,,,,,,,,,,,,,,,,,,239.1050235000439,239.12045416701585,239.12045416701585,239.12045416701585,239.12045416701585,241.1088054170832,None,0,241.11077479179949,241.12106274999678,241.60203666705638,241.6252904580906,243.1015236247331,243.08678908273578,,,,,,,,,,,,,,,,,,,,,,,,,,,,,,,,,,,,,,,,,,,,,,,,,,,,,,,,,,,,,,,,,,,,,,,,,,,,,,,,,,,,,,,,,,,,,,,,,,,,,,,,,,,,,,,,,,,,,,,,,,,,,,,,,,,,,,,,,,,,,,,,,,,,,,,,,,,,,,,,,,,,,,,,,,,,,,,,,,,,,,,,,,,,,,,,,,,,,,,,,AANNNAAA,1,Right,2026-04-13_10h21.19.504,EmoNback_Practice,,2025.1.1,60,2026-04-13 10h25.33.329827 -0500,
6,1,None,PracticeTrialsPROC,VM Stimuli/PracticeNC1.bmp,target,Target,NeutFace,0-Back,4,4,0,None,0,0,4,4,4,,,,,,,,,,,,,243.1015236247331,,,,,,,,,,,,,,,,,,,,,,,,,,,,,,,,,,,,,,,,,,,,,,,,,,,,,,,,,,,,,,,,,,,,,,,243.09354279190302,243.1176652079448,243.1176652079448,243.1176652079448,243.1176652079448,245.10110045783222,None,0,245.1030499166809,245.11312349978834,245.60195749998093,245.61220383271575,247.0947251250036,247.0857750000432,245.11312349978834,245.11312349978834,245.11312349978834,245.11312349978834,,,,,,,,,,,,,,,,,,,,,,,,,,,,,,,,,,,,,,,,,,,,,,,,,,,,,,,,,,,,,,,,,,,,,,,,,,,,,,,,,,,,,,,,,,,,,,,,,,,,,,,,,,,,,,,,,,,,,,,,,,,,,,,,,,,,,,,,,,,,,,,,,,,,,,,,,,,,,,,,,,,,,,,,,,,,,,,,,,,,,,,,,,,,,,,,,,,,,AANNNAAA,1,Right,2026-04-13_10h21.19.504,EmoNback_Practice,,2025.1.1,60,2026-04-13 10h25.33.329827 -0500,
,,,,,,,,,,,,,,,,,,,,,,,,,,,,,,,,,,,,,,,,,,,,,,,,,,,,,,,,,,,,,,,,,,,,,,,,,,,,,,,,,,,,,,,,,,,,,,,,,,,,,,,,,,,,,,,,,,,,,,,247.08724700007588,247.10856212489307,247.10856212489307,291.3947816248983,space,44.27945383358747,None,,,,,,,,,,,,,,,,,,,,,,,,,,,,,,,,,,,,,,,,,,,,,,,,,,,,,,,,,,,,,,,,,,,,,,,,,,,,,,,,,,,,,,,,,,,,,,,,,,,,,,,,,,,,,,,,,,,,,,,,,,,,,,,,,,,,,,,,,,,,,,,,,,,,,,,,,,,,,,,,,,,,,,,,,,,,,,,,,,,,,,,,,,,,,,AANNNAAA,1,Right,2026-04-13_10h21.19.504,EmoNback_Practice,,2025.1.1,60,2026-04-13 10h25.33.329827 -0500,
,,,,,,,,,,,,,,,,,,,,,,,,,,,,,,,,,,,,,,,,,,,,,,,,,,,,,,,,,,,,,,,,,,,,,,,,,,,,,,,,,,,,,,,,,,,,,,,,,,,,,,,,,,,,,,,,,,,,,,,,,,,,,,291.3970074169338,291.4148321249522,291.9006724166684,291.9006724166684,291.9006724166684,291.91417349968106,294.4229438328184,294.4229438328184,294.4229438328184,294.3840497918427,,,,,,,,,,,,,,,,,,,,,,,,,,,,,,,,,,,,,,,,,,,,,,,,,,,,,,,,,,,,,,,,,,,,,,,,,,,,,,,,,,,,,,,,,,,,,,,,,,,,,,,,,,,,,,,,,,,,,,,,,,,,,,,,,,,,,,,,,,,,,,,,,,,,,,,,,,,,,,,,,,,,,,,,,,,,,,,,,,,,AANNNAAA,1,Right,2026-04-13_10h21.19.504,EmoNback_Practice,,2025.1.1,60,2026-04-13 10h25.33.329827 -0500,
2,1,None,PracticeTrialsPROC,VM Stimuli/Place1.bmp,target,Target,Place,0-Back,0,0,0,None,0,,,,,0,0,0,0,,,,,,,,,294.4229438328184,,,,,,,,,,,,,,,,,,,,,,,,,,,,,,,,,,,,,,,,,,,,,,,,,,,,,,,,,,,,,,,,,,,,,,,294.40967825008556,294.4229438328184,294.4229438328184,294.4229438328184,294.4229438328184,296.4044722500257,,,296.4072477919981,296.41983958287165,296.9022732498124,296.9132013330236,298.4112357497215,298.387338666711,,,,,,,,,,,,,,,,,,,,,,None,0,,,,,,,,,,,,,,,,,,,,,,,,,,,,,,,,,,,,,,,,,,,,,,,,,,,,,,,,,,,,,,,,,,,,,,,,,,,,,,,,,,,,,,,,,,,,,,,,,,,,,,,,,,,,,,,,,,,,,,,,,,,,,,,,,,,,,,,,,,,,,,,,,,,,,,,,,,,,,,,,,,,,,,,,,,,,,,,,,,AANNNAAA,1,Right,2026-04-13_10h21.19.504,EmoNback_Practice,,2025.1.1,60,2026-04-13 10h25.33.329827 -0500,
3,1,None,PracticeTrialsPROC,VM Stimuli/Place3.bmp,nontarget,Nontarget,Place,0-Back,1,1,0,None,0,,,,,0,1,1,1,,,,,,,,,298.4112357497215,,,,,,,,,,,,,,,,,,,,,,,,,,,,,,,,,,,,,,,,,,,,,,,,,,,,,,,,,,,,,,,,,,,,,,,298.39592933282256,298.4112357497215,298.4112357497215,298.4112357497215,298.4112357497215,300.3980614580214,,,300.4002106250264,300.41021029185504,300.89483254170045,300.9199343328364,302.40926770772785,302.3872592076659,,,,,,,,,,,,,,,,,,,,,,None,0,,,,,,,,,,,,,,,,,,,,,,,,,,,,,,,,,,,,,,,,,,,,,,,,,,,,,,,,,,,,,,,,,,,,,,,,,,,,,,,,,,,,,,,,,,,,,,,,,,,,,,,,,,,,,,,,,,,,,,,,,,,,,,,,,,,,,,,,,,,,,,,,,,,,,,,,,,,,,,,,,,,,,,,,,,,,,,,,,,AANNNAAA,1,Right,2026-04-13_10h21.19.504,EmoNback_Practice,,2025.1.1,60,2026-04-13 10h25.33.329827 -0500,
4,1,None,PracticeTrialsPROC,VM Stimuli/Place5.bmp,nontarget,Nontarget,Place,0-Back,2,2,0,None,0,,,,,0,2,2,2,,,,,,,,,302.40926770772785,,,,,,,,,,,,,,,,,,,,,,,,,,,,,,,,,,,,,,,,,,,,,,,,,,,,,,,,,,,,,,,,,,,,,,,302.39353854209185,302.40926770772785,302.40926770772785,302.40926770772785,302.40926770772785,304.4001036249101,,,304.4020394999534,304.4121781666763,304.89329754188657,304.9205729998648,306.4072032920085,306.38530029170215,,,,,,,,,,,,,,,,,,,,,,None,0,,,,,,,,,,,,,,,,,,,,,,,,,,,,,,,,,,,,,,,,,,,,,,,,,,,,,,,,,,,,,,,,,,,,,,,,,,,,,,,,,,,,,,,,,,,,,,,,,,,,,,,,,,,,,,,,,,,,,,,,,,,,,,,,,,,,,,,,,,,,,,,,,,,,,,,,,,,,,,,,,,,,,,,,,,,,,,,,,,AANNNAAA,1,Right,2026-04-13_10h21.19.504,EmoNback_Practice,,2025.1.1,60,2026-04-13 10h25.33.329827 -0500,
5,1,None,PracticeTrialsPROC,VM Stimuli/Place1.bmp,target,Target,Place,0-Back,3,3,0,None,0,,,,,0,3,3,3,,,,,,,,,306.4072032920085,,,,,,,,,,,,,,,,,,,,,,,,,,,,,,,,,,,,,,,,,,,,,,,,,,,,,,,,,,,,,,,,,,,,,,,306.3913960419595,306.4072032920085,306.4072032920085,306.4072032920085,306.4072032920085,308.3958623749204,,,308.3980135419406,308.4085270417854,308.90389412501827,308.9158451249823,310.41552608273923,310.3924244167283,,,,,,,,,,,,,,,,,,,,,,None,0,,,,,,,,,,,,,,,,,,,,,,,,,,,,,,,,,,,,,,,,,,,,,,,,,,,,,,,,,,,,,,,,,,,,,,,,,,,,,,,,,,,,,,,,,,,,,,,,,,,,,,,,,,,,,,,,,,,,,,,,,,,,,,,,,,,,,,,,,,,,,,,,,,,,,,,,,,,,,,,,,,,,,,,,,,,,,,,,,,AANNNAAA,1,Right,2026-04-13_10h21.19.504,EmoNback_Practice,,2025.1.1,60,2026-04-13 10h25.33.329827 -0500,
6,1,None,PracticeTrialsPROC,VM Stimuli/Place3.bmp,nontarget,Nontarget,Place,0-Back,4,4,0,None,0,,,,,0,4,4,4,,,,,,,,,310.41552608273923,,,,,,,,,,,,,,,,,,,,,,,,,,,,,,,,,,,,,,,,,,,,,,,,,,,,,,,,,,,,,,,,,,,,,,,310.39983229199424,310.41552608273923,310.41552608273923,310.41552608273923,310.41552608273923,312.39915199996904,,,312.40104562509805,312.41123279184103,312.8996319998987,312.9098737076856,314.40000016707927,314.3869802081026,,,,,,,,,,,,,,,,,,,,,,None,0,,,,,,,,,,,,,,,,,,,,,,,,,,,,,,,,,,,,,,,,,,,,,,,,,,,,,,,,,,,,,,,,,,,,,,,,,,,,,,,,,,,,,,,,,,,,,,,,,,,,,,,,,,,,,,,,,,,,,,,,,,,,,,,,,,,,,,,,,,,,,,,,,,,,,,,,,,,,,,,,,,,,,,,,,,,,,,,,,,AANNNAAA,1,Right,2026-04-13_10h21.19.504,EmoNback_Practice,,2025.1.1,60,2026-04-13 10h25.33.329827 -0500,
,,,,,,,,,,,,,,,,,,,,,,,,,,,,,,,,,,,,,,,,,,,,,,,,,,,,,,,,,,,,,,,,,,,,,,,,,,,,,,,,,,,,,,,,,,,,,,,,,,,,,,,,,,,,,,,,,,,,,,,314.38823308283463,314.40000016707927,314.40000016707927,317.2838066248223,space,2.873004666995257,None,,,,,,,,,,,,,,,,,,,,,,,,,,,,,,,,,,,,,,,,,,,,,,,,,,,,,,,,,,,,,,,,,,,,,,,,,,,,,,,,,,,,,,,,,,,,,,,,,,,,,,,,,,,,,,,,,,,,,,,,,,,,,,,,,,,,,,,,,,,,,,,,,,,,,,,,,,,,,,,,,,,,,,,,,,,,,,,,,,,,,,,,,,,,,,AANNNAAA,1,Right,2026-04-13_10h21.19.504,EmoNback_Practice,,2025.1.1,60,2026-04-13 10h25.33.329827 -0500,
,,,,,,,,,,,,,,,,,,,,,,,,,,,,,,,,,,,,,,,,,,,,,,,,,,,,,,,,,,,,,,,,,,,,,,,,,,,,,,,,,,,,,,,,,,,,,,,,,,,,,,,,,,,,,,,,,,,,,,,,,,,,,,,,,,,,,,,,,,317.28937662485987,317.3073852080852,317.3073852080852,372.83025095798075,space,55.52004758315161,None,,,,,,,,,,,,,,,,,,,,,,,,,,,,,,,,,,,,,,,,,,,,,,,,,,,,,,,,,,,,,,,,,,,,,,,,,,,,,,,,,,,,,,,,,,,,,,,,,,,,,,,,,,,,,,,,,,,,,,,,,,,,,,,,,,,,,,,,,,,,,,,,,,,,,,,,,,,,,,,,,,,,,,,,,,,AANNNAAA,1,Right,2026-04-13_10h21.19.504,EmoNback_Practice,,2025.1.1,60,2026-04-13 10h25.33.329827 -0500,
,,,,,,,,,,,,,,,,,,,,,,,,,,,,,,,,,,,,,,,,,,,,,,,,,,,,,,,,,,,,,,,,,,,,,,,,,,,,,,,,,,,,,,,,,,,,,,,,,,,,,,,,,,,,,,,,,,,,,,,,,,,,,,,,,,,,,,,,,,,,,,,,,372.8433704166673,372.8694397499785,372.8694397499785,372.8694397499785,372.8694397499785,372.8694397499785,372.8694397499785,379.0174381667748,space,6.142845458816737,None,,,,,,,,,,,,,,,,,,,,,,,,,,,,,,,,,,,,,,,,,,,,,,,,,,,,,,,,,,,,,,,,,,,,,,,,,,,,,,,,,,,,,,,,,,,,,,,,,,,,,,,,,,,,,,,,,,,,,,,,,,,,,,,,,,,,,,,,,,,,,,,,,,,,,,,,,,,,,,,,AANNNAAA,1,Right,2026-04-13_10h21.19.504,EmoNback_Practice,,2025.1.1,60,2026-04-13 10h25.33.329827 -0500,
,,,,,,,,,,,,,,,,,,,,,,,,,,,,,,,,,,,,,,,,,,,,,,,,,,,,,,,,,,,,,,,,,,,,,,,,,,,,,,,,,,,,,,,,,,,,,,,,,,,,,,,,,,,,,,,,,,,,,,,,,,,,,,,,,,,,,,,,,,,,,,,,,,,,,,,,,,,,379.024125542026,379.0396964997053,379.0396964997053,379.0396964997053,379.0396964997053,379.0396964997053,379.0396964997053,382.13565645786,space,3.0892281248234212,None,,,,,,,,,,,,,,,,,,,,,,,,,,,,,,,,,,,,,,,,,,,,,,,,,,,,,,,,,,,,,,,,,,,,,,,,,,,,,,,,,,,,,,,,,,,,,,,,,,,,,,,,,,,,,,,,,,,,,,,,,,,,,,,,,,,,,,,,,,,,,,,,,,,,,AANNNAAA,1,Right,2026-04-13_10h21.19.504,EmoNback_Practice,,2025.1.1,60,2026-04-13 10h25.33.329827 -0500,
,,,,,,,,,,,,,,,,,,,,,,,,,,,,,,,,,,,,,,,,,,,,,,,,,,,,,,,,,,,,,,,,,,,,,,,,,,,,,,,,,,,,,,,,,,,,,,,,,,,,,,,,,,,,,,,,,,,,,,,,,,,,,,,,,,,,,,,,,,,,,,,,,,,,,,,,,,,,,,,,,,,,,,,382.14097408298403,382.1620334996842,382.1620334996842,382.1620334996842,382.1620334996842,382.1620334996842,382.1620334996842,382.1620334996842,382.1620334996842,384.54510370781645,space,2.3758539999835193,None,,,,,,,,,,,,,,,,,,,,,,,,,,,,,,,,,,,,,,,,,,,,,,,,,,,,,,,,,,,,,,,,,,,,,,,,,,,,,,,,,,,,,,,,,,,,,,,,,,,,,,,,,,,,,,,,,,,,,,,,,,,,,,,,,,,,,,,,AANNNAAA,1,Right,2026-04-13_10h21.19.504,EmoNback_Practice,,2025.1.1,60,2026-04-13 10h25.33.329827 -0500,
,,,,,,,,,,,,,,,,,,,,,,,,,,,,,,,,,,,,,,,,,,,,,,,,,,,,,,,,,,,,,,,,,,,,,,,,,,,,,,,,,,,,,,,,,,,,,,,,,,,,,,,,,,,,,,,,,,,,,,,,,,,,,,,,,,,,,,,,,,,,,,,,,,,,,,,,,,,,,,,,,,,,,,,,,,,,,,,,,,,,384.54983599996194,384.56699491711333,384.56699491711333,384.56699491711333,384.56699491711333,384.56699491711333,384.56699491711333,384.56699491711333,387.61162941670045,space,3.0411441661417484,None,,,,,,,,,,,,,,,,,,,,,,,,,,,,,,,,,,,,,,,,,,,,,,,,,,,,,,,,,,,,,,,,,,,,,,,,,,,,,,,,,,,,,,,,,,,,,,,,,,,,,,,,,,,,,,,,,,,,,,,,,,,,AANNNAAA,1,Right,2026-04-13_10h21.19.504,EmoNback_Practice,,2025.1.1,60,2026-04-13 10h25.33.329827 -0500,
,,,,,,,,,,,,,,,,,,,,,,,,,,,,,,,,,,,,,,,,,,,,,,,,,,,,,,,,,,,,,,,,,,,,,,,,,,,,,,,,,,,,,,,,,,,,,,,,,,,,,,,,,,,,,,,,,,,,,,,,,,,,,,,,,,,,,,,,,,,,,,,,,,,,,,,,,,,,,,,,,,,,,,,,,,,,,,,,,,,,,,,,,,,,,,,,387.61240358278155,387.6236827080138,387.6236827080138,389.29820120800287,space,1.6708711669780314,None,,,,,,,,,,,,,,,,,,,,,,,,,,,,,,,,,,,,,,,,,,,,,,,,,,,,,,,,,,,,,,,,,,,,,,,,,,,,,,,,,,,,,,,,,,,,,,,,,,,,,,,,,,,,,,,,,,,,,AANNNAAA,1,Right,2026-04-13_10h21.19.504,EmoNback_Practice,,2025.1.1,60,2026-04-13 10h25.33.329827 -0500,
,,,,,,,,,,,,,,,,,,,,,,,,,,,,,,,,,,,,,,,,,,,,,,,,,,,,,,,,,,,,,,,,,,,,,,,,,,,,,,,,,,,,,,,,,,,,,,,,,,,,,,,,,,,,,,,,,,,,,,,,,,,,,,,,,,,,,,,,,,,,,,,,,,,,,,,,,,,,,,,,,,,,,,,,,,,,,,,,,,,,,,,,,,,,,,,,,,,,,,,389.30100149987265,389.3255008328706,389.3255008328706,389.3255008328706,389.3255008328706,389.3255008328706,391.5484174997546,space,2.218041167128831,None,,,,,,,,,,,,,,,,,,,,,,,,,,,,,,,,,,,,,,,,,,,,,,,,,,,,,,,,,,,,,,,,,,,,,,,,,,,,,,,,,,,,,,,,,,,,,,,,,,,,,,,,,,,AANNNAAA,1,Right,2026-04-13_10h21.19.504,EmoNback_Practice,,2025.1.1,60,2026-04-13 10h25.33.329827 -0500,
,,,,,,,,,,,,,,,,,,,,,,,,,,,,,,,,,,,,,,,,,,,,,,,,,,,,,,,,,,,,,,,,,,,,,,,,,,,,,,,,,,,,,,,,,,,,,,,,,,,,,,,,,,,,,,,,,,,,,,,,,,,,,,,,,,,,,,,,,,,,,,,,,,,,,,,,,,,,,,,,,,,,,,,,,,,,,,,,,,,,,,,,,,,,,,,,,,,,,,,,,,,,,,,,,391.55032899975777,391.5667579579167,391.5667579579167,391.5667579579167,391.5667579579167,391.5667579579167,393.2574408329092,space,1.6879219161346555,None,,,,,,,,,,,,,,,,,,,,,,,,,,,,,,,,,,,,,,,,,,,,,,,,,,,,,,,,,,,,,,,,,,,,,,,,,,,,,,,,,,,,,,,,,,,,,,,,,AANNNAAA,1,Right,2026-04-13_10h21.19.504,EmoNback_Practice,,2025.1.1,60,2026-04-13 10h25.33.329827 -0500,
,,,,,,,,,,,,,,,,,,,,,,,,,,,,,,,,,,,,,,,,,,,,,,,,,,,,,,,,,,,,,,,,,,,,,,,,,,,,,,,,,,,,,,,,,,,,,,,,,,,,,,,,,,,,,,,,,,,,,,,,,,,,,,,,,,,,,,,,,,,,,,,,,,,,,,,,,,,,,,,,,,,,,,,,,,,,,,,,,,,,,,,,,,,,,,,,,,,,,,,,,,,,,,,,,,,,,,,,,,,393.2590879169293,393.2763962079771,393.2763962079771,393.2763962079771,393.2763962079771,393.2763962079771,394.1738380417228,space,0.8898926670663059,None,,,,,,,,,,,,,,,,,,,,,,,,,,,,,,,,,,,,,,,,,,,,,,,,,,,,,,,,,,,,,,,,,,,,,,,,,,,,,,,,,,,,,,,AANNNAAA,1,Right,2026-04-13_10h21.19.504,EmoNback_Practice,,2025.1.1,60,2026-04-13 10h25.33.329827 -0500,
,,,,,,,,,,,,,,,,,,,,,,,,,,,,,,,,,,,,,,,,,,,,,,,,,,,,,,,,,,,,,,,,,,,,,,,,,,,,,,,,,,,,,,,,,,,,,,,,,,,,,,,,,,,,,,,,,,,,,,,,,,,,,,,,,,,,,,,,,,,,,,,,,,,,,,,,,,,,,,,,,,,,,,,,,,,,,,,,,,,,,,,,,,,,,,,,,,,,,,,,,,,,,,,,,,,,,,,,,,,,,,,,,,,,,394.17586291674525,394.1930826669559,394.1930826669559,394.1930826669559,394.1930826669559,394.1930826669559,394.1930826669559,395.18627737509087,space,0.985747582744807,None,,,,,,,,,,,,,,,,,,,,,,,,,,,,,,,,,,,,,,,,,,,,,,,,,,,,,,,,,,,,,,,,,,,,,,,,,,,,AANNNAAA,1,Right,2026-04-13_10h21.19.504,EmoNback_Practice,,2025.1.1,60,2026-04-13 10h25.33.329827 -0500,
,,,,,,,,,,,,,,,,,,,,,,,,,,,,,,,,,,,,,,,,,,,,,,,,,,,,,,,,,,,,,,,,,,,,,,,,,,,,,,,,,,,,,,,,,,,,,,,,,,,,,,,,,,,,,,,,,,,,,,,,,,,,,,,,,,,,,,,,,,,,,,,,,,,,,,,,,,,,,,,,,,,,,,,,,,,,,,,,,,,,,,,,,,,,,,,,,,,,,,,,,,,,,,,,,,,,,,,,,,,,,,,,,,,,,,,,,,,,,,,,395.18792574992403,395.2041601249948,395.2041601249948,395.2041601249948,395.2041601249948,395.2041601249948,395.7521805418655,space,0.5355509170331061,None,,,,,,,,,,,,,,,,,,,,,,,,,,,,,,,,,,,,,,,,,,,,,,,,,,,,,,,,,,,,,,,,,,AANNNAAA,1,Right,2026-04-13_10h21.19.504,EmoNback_Practice,,2025.1.1,60,2026-04-13 10h25.33.329827 -0500,
,,,,,,,,,,,,,,,,,,,,,,,,,,,,,,,,,,,,,,,,,,,,,,,,,,,,,,,,,,,,,,,,,,,,,,,,,,,,,,,,,,,,,,,,,,,,,,,,,,,,,,,,,,,,,,,,,,,,,,,,,,,,,,,,,,,,,,,,,,,,,,,,,,,,,,,,,,,,,,,,,,,,,,,,,,,,,,,,,,,,,,,,,,,,,,,,,,,,,,,,,,,,,,,,,,,,,,,,,,,,,,,,,,,,,,,,,,,,,,,,,,,,,,,,,,395.7545523326844,395.7726710001007,395.7726710001007,395.7726710001007,395.7726710001007,395.7726710001007,395.7726710001007,395.7726710001007,401.22391279181466,space,5.436125083360821,None,,,,,,,,,,,,,,,,,,,,,,,,,,,,,,,,,,,,,,,,,,,,,,,,,,,,,,AANNNAAA,1,Right,2026-04-13_10h21.19.504,EmoNback_Practice,,2025.1.1,60,2026-04-13 10h25.33.329827 -0500,
,,,,,,,,,,,,,,,,,,,,,,,,,,,,,,,,,,,,,,,,,,,,,,,,,,,,,,,,,,,,,,,,,,,,,,,,,,,,,,,,,,,,,,,,,,,,,,,,,,,,,,,,,,,,,,,,,,,,,,,,,,,,,,,,,,,,,,,,,,,,,,,,,,,,,,,,,,,,,,,,,,,,,,,,,,,,,,,,,,,,,,,,,,,,,,,,,,,,,,,,,,,,,,,,,,,,,,,,,,,,,,,,,,,,,,,,,,,,,,,,,,,,,,,,,,,,,,,,,,,,,,401.225435457658,401.23978520790115,401.23978520790115,401.23978520790115,401.23978520790115,401.23978520790115,402.02013654168695,space,0.7667809999547899,None,,,,,,,,,,,,,,,,,,,,,,,,,,,,,,,,,,,,,,,,,,,,AANNNAAA,1,Right,2026-04-13_10h21.19.504,EmoNback_Practice,,2025.1.1,60,2026-04-13 10h25.33.329827 -0500,
,,,,,,,,,,,,,,,,,,,,,,,,,,,,,,,,,,,,,,,,,,,,,,,,,,,,,,,,,,,,,,,,,,,,,,,,,,,,,,,,,,,,,,,,,,,,,,,,,,,,,,,,,,,,,,,,,,,,,,,,,,,,,,,,,,,,,,,,,,,,,,,,,,,,,,,,,,,,,,,,,,,,,,,,,,,,,,,,,,,,,,,,,,,,,,,,,,,,,,,,,,,,,,,,,,,,,,,,,,,,,,,,,,,,,,,,,,,,,,,,,,,,,,,,,,,,,,,,,,,,,,,,,,,,,,,,402.02227074978873,402.0383558329195,402.0383558329195,402.0383558329195,402.0383558329195,402.0383558329195,402.0383558329195,402.0383558329195,402.0383558329195,432.3685688748956,space,30.321428874973208,None,,,,,,,,,,,,,,,,,,,,,,,,,,,,,,,AANNNAAA,1,Right,2026-04-13_10h21.19.504,EmoNback_Practice,,2025.1.1,60,2026-04-13 10h25.33.329827 -0500,
,,,,,,,,,,,,,,,,,,,,,,,,,,,,,,,,,,,,,,,,,,,,,,,,,,,,,,,,,,,,,,,,,,,,,,,,,,,,,,,,,,,,,,,,,,,,,,,,,,,,,,,,,,,,,,,,,,,,,,,,,,,,,,,,,,,,,,,,,,,,,,,,,,,,,,,,,,,,,,,,,,,,,,,,,,,,,,,,,,,,,,,,,,,,,,,,,,,,,,,,,,,,,,,,,,,,,,,,,,,,,,,,,,,,,,,,,,,,,,,,,,,,,,,,,,,,,,,,,,,,,,,,,,,,,,,,,,,,,,,,,,,,,432.37287408299744,432.38666620803997,432.38666620803997,601.5144622498192,space,169.113247750327,None,,,,,,,,,,,,,,,,,,,,,,,,AANNNAAA,1,Right,2026-04-13_10h21.19.504,EmoNback_Practice,,2025.1.1,60,2026-04-13 10h25.33.329827 -0500,
,,,,,,,,,,,,,,,,,,,,,,,,,,,,,,,,,,,,,,,,,,,,,,,,,,,,,,,,,,,,,,,,,,,,,,,,,,,,,,,,,,,,,,,,,,,,,,,,,,,,,,,,,,,,,,,,,,,,,,,,,,,,,,,,,,,,,,,,,,,,,,,,,,,,,,,,,,,,,,,,,,,,,,,,,,,,,,,,,,,,,,,,,,,,,,,,,,,,,,,,,,,,,,,,,,,,,,,,,,,,,,,,,,,,,,,,,,,,,,,,,,,,,,,,,,,,,,,,,,,,,,,,,,,,,,,,,,,,,,,,,,,,,,,,,,,,601.5167770418338,601.532638374716,601.532638374716,602.1272653327323,space,0.5857932497747242,None,,,,,,,,,,,,,,,,,AANNNAAA,1,Right,2026-04-13_10h21.19.504,EmoNback_Practice,,2025.1.1,60,2026-04-13 10h25.33.329827 -0500,
1,1,None,PracticeTrialsPROC,VM Stimuli/PracticeFO2.bmp,nontarget,Nontarget,NegFace,2-Back,0,0,0,None,0,,,,,,,,,0,0,0,0,,,,,602.1747641670518,,,,,,,,,,,,,,,,,,,,,,,,,,,,,,,,,,,,,,,,,,,,,,,,,,,,,,,,,,,,,,,,,,,,,,,602.1587804998271,602.1747641670518,602.1747641670518,602.1747641670518,602.1747641670518,604.1340304580517,,,604.1367853330448,604.1476806667633,604.6347911250778,604.6488478328101,606.1504897917621,606.1261075828224,,,,,,,,,,,,,,,,,,,,,,,,,,,,,,,,,,,,,,,,,,,,,,,,,,,,,,,,,,,,,,,,,,,,,,,,,,,,,,,,,,,,,,,,,,,,,,,,,,,,,,,,,,,,,,,,,,,,,,,,,,,,,,,,,,,,,,,,,,,,,,,,,,,,,,,,,,,,,,,,,,,,,,,,,,,,,,,,,,,,,,,,,None,0,,,,,,,,,,,,,,,AANNNAAA,1,Right,2026-04-13_10h21.19.504,EmoNback_Practice,,2025.1.1,60,2026-04-13 10h25.33.329827 -0500,
2,1,None,PracticeTrialsPROC,VM Stimuli/PracticeFO4.bmp,nontarget,Nontarget,NegFace,2-Back,1,1,0,None,0,,,,,,,,,0,1,1,1,,,,,606.1504897917621,,,,,,,,,,,,,,,,,,,,,,,,,,,,,,,,,,,,,,,,,,,,,,,,,,,,,,,,,,,,,,,,,,,,,,,606.1349387080409,606.1504897917621,606.1504897917621,606.1504897917621,606.1504897917621,608.1359918750823,,,608.137896916829,608.1478889170103,608.6327015417628,608.6429046248086,,610.1325120418333,,,,,,,,,,,,,,,,,,,,,,,,,,,,,,,,,,,,,,,,,,,,,,,,,,,,,,,,,,,,,,,,,,,,,,,,,,,,,,,,,,,,,,,,,,,,,,,,,,,,,,,,,,,,,,,,,,,,,,,,,,,,,,,,,,,,,,,,,,,,,,,,,,,,,,,,,,,,,,,,,,,,,,,,,,,,,,,,,,,,,,,,,None,0,,,,,,,,,,,,,,,AANNNAAA,1,Right,2026-04-13_10h21.19.504,EmoNback_Practice,,2025.1.1,60,2026-04-13 10h25.33.329827 -0500,
3,1,None,PracticeTrialsPROC,VM Stimuli/PracticeFO2.bmp,target,Target,NegFace,2-Back,2,2,0,None,0,,,,,,,,,0,2,2,2,,,,,610.1550557077862,,,,,,,,,,,,,,,,,,,,,,,,,,,,,,,,,,,,,,,,,,,,,,,,,,,,,,,,,,,,,,,,,,,,,,,610.1388756250963,610.1550557077862,610.1550557077862,610.1550557077862,610.1550557077862,612.1283891666681,,,612.1306025418453,612.1410972499289,612.6280234167352,612.6382354577072,614.1384797077626,614.1150146666914,,,,,,,,,,,,,,,,,,,,,,,,,,,,,,,,,,,,,,,,,,,,,,,,,,,,,,,,,,,,,,,,,,,,,,,,,,,,,,,,,,,,,,,,,,,,,,,,,,,,,,,,,,,,,,,,,,,,,,,,,,,,,,,,,,,,,,,,,,,,,,,,,,,,,,,,,,,,,,,,,,,,,,,,,,,,,,,,,,,,,,,,,None,0,,,,,,,,,,,,,,,AANNNAAA,1,Right,2026-04-13_10h21.19.504,EmoNback_Practice,,2025.1.1,60,2026-04-13 10h25.33.329827 -0500,
4,1,None,PracticeTrialsPROC,VM Stimuli/PracticeFO4.bmp,target,Target,NegFace,2-Back,3,3,0,None,0,,,,,,,,,0,3,3,3,,,,,614.1384797077626,,,,,,,,,,,,,,,,,,,,,,,,,,,,,,,,,,,,,,,,,,,,,,,,,,,,,,,,,,,,,,,,,,,,,,,614.1223009997047,614.1384797077626,614.1384797077626,614.1384797077626,614.1384797077626,616.1322662918828,,,616.1343087079003,616.1451041246764,616.6321478327736,616.642441582866,618.1419935417362,618.1189652918838,,,,,,,,,,,,,,,,,,,,,,,,,,,,,,,,,,,,,,,,,,,,,,,,,,,,,,,,,,,,,,,,,,,,,,,,,,,,,,,,,,,,,,,,,,,,,,,,,,,,,,,,,,,,,,,,,,,,,,,,,,,,,,,,,,,,,,,,,,,,,,,,,,,,,,,,,,,,,,,,,,,,,,,,,,,,,,,,,,,,,,,,,None,0,,,,,,,,,,,,,,,AANNNAAA,1,Right,2026-04-13_10h21.19.504,EmoNback_Practice,,2025.1.1,60,2026-04-13 10h25.33.329827 -0500,
5,1,None,PracticeTrialsPROC,VM Stimuli/PracticeFO1.bmp,nontarget,Nontarget,NegFace,2-Back,4,4,0,None,0,,,,,,,,,0,4,4,4,,,,,618.1419935417362,,,,,,,,,,,,,,,,,,,,,,,,,,,,,,,,,,,,,,,,,,,,,,,,,,,,,,,,,,,,,,,,,,,,,,,618.1272005001083,618.1419935417362,618.1419935417362,618.1419935417362,618.1419935417362,620.1282314169221,,,620.1301832920872,620.1402972498909,620.630843124818,620.6413311669603,622.147965583019,622.1200027917512,,,,,,,,,,,,,,,,,,,,,,,,,,,,,,,,,,,,,,,,,,,,,,,,,,,,,,,,,,,,,,,,,,,,,,,,,,,,,,,,,,,,,,,,,,,,,,,,,,,,,,,,,,,,,,,,,,,,,,,,,,,,,,,,,,,,,,,,,,,,,,,,,,,,,,,,,,,,,,,,,,,,,,,,,,,,,,,,,,,,,,,,,None,0,,,,,,,,,,,,,,,AANNNAAA,1,Right,2026-04-13_10h21.19.504,EmoNback_Practice,,2025.1.1,60,2026-04-13 10h25.33.329827 -0500,
,,,,,,,,,,,,,,,,,,,,,,,,,,,,,,,,,,,,,,,,,,,,,,,,,,,,,,,,,,,,,,,,,,,,,,,,,,,,,,,,,,,,,,,,,,,,,,,,,,,,,,,,,,,,,,,,,,,,,,,622.1217104997486,622.147965583019,622.147965583019,658.870131416712,space,36.71476254193112,None,,,,,,,,,,,,,,,,,,,,,,,,,,,,,,,,,,,,,,,,,,,,,,,,,,,,,,,,,,,,,,,,,,,,,,,,,,,,,,,,,,,,,,,,,,,,,,,,,,,,,,,,,,,,,,,,,,,,,,,,,,,,,,,,,,,,,,,,,,,,,,,,,,,,,,,,,,,,,,,,,,,,,,,,,,,,,,,,,,,,,,,,,,,,,,AANNNAAA,1,Right,2026-04-13_10h21.19.504,EmoNback_Practice,,2025.1.1,60,2026-04-13 10h25.33.329827 -0500,
1,1,None,PracticeTrialsPROC,VM Stimuli/Place1.bmp,nontarget,Nontarget,Place,2-Back,0,0,0,None,0,,,,,,,,,,,,,0,0,0,0,658.9181342916563,,,,,,,,,,,,,,,,,,,,,,,,,,,,,,,,,,,,,,,,,,,,,,,,,,,,,,,,,,,,,,,,,,,,,,,658.9012175831012,658.9181342916563,658.9181342916563,658.9181342916563,658.9181342916563,660.8768685418181,,,660.8792195417918,660.8894689166918,661.3794202078134,661.389679624699,662.8936752919108,662.8692706669681,,,,,,,,,,,,,,,,,,,,,,,,,,,,,,,,,,,,,,,,,,,,,,,,,,,,,,,,,,,,,,,,,,,,,,,,,,,,,,,,,,,,,,,,,,,,,,,,,,,,,,,,,,,,,,,,,,,,,,,,,,,,,,,,,,,,,,,,,,,,,,,,,,,,,,,,,,,,,,,,,,,,,,,,,,,,,,,,,,,,,,,,,,,None,0,,,,,,,,,,,,,AANNNAAA,1,Right,2026-04-13_10h21.19.504,EmoNback_Practice,,2025.1.1,60,2026-04-13 10h25.33.329827 -0500,
2,1,None,PracticeTrialsPROC,VM Stimuli/Place5.bmp,nontarget,Nontarget,Place,2-Back,1,1,0,None,0,,,,,,,,,,,,,0,1,1,1,662.8936752919108,,,,,,,,,,,,,,,,,,,,,,,,,,,,,,,,,,,,,,,,,,,,,,,,,,,,,,,,,,,,,,,,,,,,,,,662.878007624764,662.8936752919108,662.8936752919108,662.8936752919108,662.8936752919108,664.8805233328603,,,664.8824390829541,664.8926023328677,665.3715365827084,665.3986582919024,666.8870402919129,666.8646350000054,,,,,,,,,,,,,,,,,,,,,,,,,,,,,,,,,,,,,,,,,,,,,,,,,,,,,,,,,,,,,,,,,,,,,,,,,,,,,,,,,,,,,,,,,,,,,,,,,,,,,,,,,,,,,,,,,,,,,,,,,,,,,,,,,,,,,,,,,,,,,,,,,,,,,,,,,,,,,,,,,,,,,,,,,,,,,,,,,,,,,,,,,,,None,0,,,,,,,,,,,,,AANNNAAA,1,Right,2026-04-13_10h21.19.504,EmoNback_Practice,,2025.1.1,60,2026-04-13 10h25.33.329827 -0500,
3,1,None,PracticeTrialsPROC,VM Stimuli/Place1.bmp,target,Target,Place,2-Back,2,2,0,None,0,,,,,,,,,,,,,0,2,2,2,666.8870402919129,,,,,,,,,,,,,,,,,,,,,,,,,,,,,,,,,,,,,,,,,,,,,,,,,,,,,,,,,,,,,,,,,,,,,,,666.8717012079433,666.8870402919129,666.8870402919129,666.8870402919129,666.8870402919129,668.8812911249697,,,668.8834158331156,668.8943273751065,669.3708606669679,669.3976434580982,670.8795649576932,670.8560117920861,,,,,,,,,,,,,,,,,,,,,,,,,,,,,,,,,,,,,,,,,,,,,,,,,,,,,,,,,,,,,,,,,,,,,,,,,,,,,,,,,,,,,,,,,,,,,,,,,,,,,,,,,,,,,,,,,,,,,,,,,,,,,,,,,,,,,,,,,,,,,,,,,,,,,,,,,,,,,,,,,,,,,,,,,,,,,,,,,,,,,,,,,,,None,0,,,,,,,,,,,,,AANNNAAA,1,Right,2026-04-13_10h21.19.504,EmoNback_Practice,,2025.1.1,60,2026-04-13 10h25.33.329827 -0500,
4,1,None,PracticeTrialsPROC,VM Stimuli/Place6.bmp,nontarget,Nontarget,Place,2-Back,3,3,0,None,0,,,,,,,,,,,,,0,3,3,3,670.8795649576932,,,,,,,,,,,,,,,,,,,,,,,,,,,,,,,,,,,,,,,,,,,,,,,,,,,,,,,,,,,,,,,,,,,,,,,670.8636118751019,670.8795649576932,670.8795649576932,670.8795649576932,670.8795649576932,672.8678587917238,,,672.8697625827044,672.8800673750229,673.3679800000973,673.3809967921115,674.8802982498892,674.8512915829197,672.8800673750229,672.8800673750229,672.8800673750229,672.8800673750229,,,,,,,,,,,,,,,,,,,,,,,,,,,,,,,,,,,,,,,,,,,,,,,,,,,,,,,,,,,,,,,,,,,,,,,,,,,,,,,,,,,,,,,,,,,,,,,,,,,,,,,,,,,,,,,,,,,,,,,,,,,,,,,,,,,,,,,,,,,,,,,,,,,,,,,,,,,,,,,,,,,,,,,,,,,,,,,,,,,,,,,None,0,,,,,,,,,,,,,AANNNAAA,1,Right,2026-04-13_10h21.19.504,EmoNback_Practice,,2025.1.1,60,2026-04-13 10h25.33.329827 -0500,
5,1,None,PracticeTrialsPROC,VM Stimuli/Place1.bmp,target,Target,Place,2-Back,4,4,0,None,0,,,,,,,,,,,,,0,4,4,4,674.8802982498892,,,,,,,,,,,,,,,,,,,,,,,,,,,,,,,,,,,,,,,,,,,,,,,,,,,,,,,,,,,,,,,,,,,,,,,674.8575924169272,674.8967680828646,674.8967680828646,674.8967680828646,674.8967680828646,676.8772255829535,,,676.8791765416972,676.889356999658,677.3791735828854,677.3894524998032,678.8964462080039,678.8679656670429,,,,,,,,,,,,,,,,,,,,,,,,,,,,,,,,,,,,,,,,,,,,,,,,,,,,,,,,,,,,,,,,,,,,,,,,,,,,,,,,,,,,,,,,,,,,,,,,,,,,,,,,,,,,,,,,,,,,,,,,,,,,,,,,,,,,,,,,,,,,,,,,,,,,,,,,,,,,,,,,,,,,,,,,,,,,,,,,,,,,,,,,,,,None,0,,,,,,,,,,,,,AANNNAAA,1,Right,2026-04-13_10h21.19.504,EmoNback_Practice,,2025.1.1,60,2026-04-13 10h25.33.329827 -0500,
,,,,,,,,,,,,,,,,,,,,,,,,,,,,,,,,,,,,,,,,,,,,,,,,,,,,,,,,,,,,,,,,,,,,,,,,,,,,,,,,,,,,,,,,,,,,,,,,,,,,,,,,,,,,,,,,,,,,,,,,,,,,,,,,,,,,,,,,,,,,,,,,,,,,,,,,,,,,,,,,,,,,,,,,,,,,,,,,,,,,,,,,,,,,,,,,,,,,,,,,,,,,,,,,,,,,,,,,,,,,,,,,,,,,,,,,,,,,,,,,,,,,,,,,,,,,,,,,,,,,,,,,,,,,,,,,,,,,,,,,,,,,,,,,,,,,,,,,,,,,,,,678.8754617497325,678.8964462080039,678.8964462080039,678.8964462080039,678.8964462080039,739.2006787080318,space,60.30003079213202,None,,,,AANNNAAA,1,Right,2026-04-13_10h21.19.504,EmoNback_Practice,,2025.1.1,60,2026-04-13 10h25.33.329827 -0500,
,,,,,,,,,,,,,,,,,,,,,,,,,,,,,,,,,,,,,,,,,,,,,,,,,,,,,,,,,,,,,,,,,,,,,,,,,,,,,,,,,,,,,,,,,,,,,,,,,,,,,,,,,,,,,,,,,,,,,,,,,,,,,,,,,,,,,,,,,,,,,,,,,,,,,,,,,,,,,,,,,,,,,,,,,,,,,,,,,,,,,,,,,,,,,,,,,,,,,,,,,,,,,,,,,,,,,,,,,,,,,,,,,,,,,,,,,,,,,,,,,,,,,,,,,,,,,,,,,,,,,,,,,,,,,,,,,,,,,,,,,,,,,,,,,,,,,,,,,,,,,,,,,,,,,,,,739.2031065830961,739.2172270417213,739.2172270417213,,,,,,,,,,
